t,v,calc,tadj,vadj,,,,,A,947
-0.000006,0,-1914666643,-1.5E-09,0,,,,,g,6490000
-0.000005,0.02,-62176667.29,-1.25E-09,0.1,,,,,al,1180
-0.000004,0.02,-1938352.417,-0.000000001,0.1,,,,,,
-0.000003,0.04,-56651.20022,-7.5E-10,0.2,,,,,,
-0.000002,0.02,-1471.745669,-5E-10,0.1,,,,,,
-0.000001,0.02,-28.67592787,-2.5E-10,0.1,,,,,,
0,0.02,0,0,0.1,,,,,,
0.000001,0.02,0.043545802,2.5E-10,0.1,,,,,,
0.000002,0.04,0.003393832,5E-10,0.2,,,,,,
0.000005,0.16,5.02078E-07,1.25E-09,0.8,,,,,,
0.000006,0.16,2.34783E-08,1.5E-09,0.8,,,,,,
0.000007,0.22,1.0674E-09,1.75E-09,1.1,,,,,,
0.000008,0.22,4.75369E-11,0.000000002,1.1,,,,,,
0.000009,0.24,2.08399E-12,2.25E-09,1.2,,,,,,
0.00001,0.32,9.02331E-14,2.5E-09,1.6,,,,,,
0.000011,0.34,3.86786E-15,2.75E-09,1.7,,,,,,
0.000012,0.38,1.64426E-16,0.000000003,1.9,,,,,,
0.000013,0.4,6.94138E-18,3.25E-09,2,,,,,,
0.000014,0.44,2.91301E-19,3.5E-09,2.2,,,,,,
0.000015,0.48,1.21623E-20,3.75E-09,2.4,,,,,,
0.000016,0.5,5.05541E-22,0.000000004,2.5,,,,,,
0.000017,0.5,2.09313E-23,4.25E-09,2.5,,,,,,
0.000018,0.5,8.63637E-25,4.5E-09,2.5,,,,,,
0.000019,0.54,3.55241E-26,4.75E-09,2.7,,,,,,
0.00002,0.58,1.45717E-27,0.000000005,2.9,,,,,,
0.000021,0.62,5.96224E-29,5.25E-09,3.1,,,,,,
0.000022,0.64,2.43401E-30,5.5E-09,3.2,,,,,,
0.000023,0.64,9.91603E-32,5.75E-09,3.2,,,,,,
0.000024,0.66,4.0321E-33,0.000000006,3.3,,,,,,
0.000025,0.72,1.6367E-34,6.25E-09,3.6,,,,,,
0.000026,0.74,6.63303E-36,6.5E-09,3.7,,,,,,
0.000027,0.76,2.68418E-37,6.75E-09,3.8,,,,,,
0.000028,0.8,1.08471E-38,0.000000007,4,,,,,,
0.000029,0.8,4.37787E-40,7.25E-09,4,,,,,,
0.00003,0.86,1.7648E-41,7.5E-09,4.3,,,,,,
0.000031,0.88,7.1063E-43,7.75E-09,4.4,,,,,,
0.000032,0.9,2.85851E-44,0.000000008,4.5,,,,,,
0.000033,0.94,1.14871E-45,8.25E-09,4.7,,,,,,
0.000034,0.94,4.61195E-47,8.5E-09,4.7,,,,,,
0.000035,0.96,1.85004E-48,8.75E-09,4.8,,,,,,
0.000036,1,7.41519E-50,0.000000009,5,,,,,,
0.000037,1.02,2.96981E-51,9.25E-09,5.1,,,,,,
0.000038,1.08,1.18855E-52,9.5E-09,5.4,,,,,,
0.000039,1.04,4.75341E-54,9.75E-09,5.2,,,,,,
0.00004,1.08,1.8998E-55,0.00000001,5.4,,,,,,
0.000041,1.1,7.58817E-57,1.025E-08,5.5,,,,,,
0.000042,1.1,3.02906E-58,1.05E-08,5.5,,,,,,
0.000043,1.1,1.20846E-59,1.075E-08,5.5,,,,,,
0.000044,1.08,4.81863E-61,0.000000011,5.4,,,,,,
0.000045,1.12,1.92039E-62,1.125E-08,5.6,,,,,,
0.000046,1.12,7.64961E-64,1.15E-08,5.6,,,,,,
0.000047,1.12,3.04568E-65,1.175E-08,5.6,,,,,,
0.000048,1.12,1.21208E-66,0.000000012,5.6,,,,,,
0.000049,1.12,4.82161E-68,1.225E-08,5.6,,,,,,
0.00005,1.12,1.91721E-69,1.25E-08,5.6,,,,,,
0.000051,1.1,7.62035E-71,1.275E-08,5.5,,,,,,
0.000052,1.1,3.02769E-72,0.000000013,5.5,,,,,,
0.000053,1.08,1.20251E-73,1.325E-08,5.4,,,,,,
0.000054,1.08,4.7743E-75,1.35E-08,5.4,,,,,,
0.000055,1.1,1.89488E-76,1.375E-08,5.5,,,,,,
0.000056,1.1,7.51814E-78,0.000000014,5.5,,,,,,
0.000057,1.08,2.98195E-79,1.425E-08,5.4,,,,,,
0.000058,1.08,1.18238E-80,1.45E-08,5.4,,,,,,
0.000059,1.06,4.68687E-82,1.475E-08,5.3,,,,,,
0.00006,1.08,1.85731E-83,0.000000015,5.4,,,,,,
0.000061,1.08,7.3581E-85,1.525E-08,5.4,,,,,,
0.000062,1.06,2.91427E-86,1.55E-08,5.3,,,,,,
0.000063,1.06,1.15393E-87,1.575E-08,5.3,,,,,,
0.000064,1.06,4.56795E-89,0.000000016,5.3,,,,,,
0.000065,1.06,1.80782E-90,1.625E-08,5.3,,,,,,
0.000066,1.06,7.15299E-92,1.65E-08,5.3,,,,,,
0.000067,1.02,2.82956E-93,1.675E-08,5.1,,,,,,
0.000068,1.02,1.11906E-94,0.000000017,5.1,,,,,,
0.000069,1,4.42482E-96,1.725E-08,5,,,,,,
0.00007,0.96,1.74922E-97,1.75E-08,4.8,,,,,,
0.000071,0.98,6.9136E-99,1.775E-08,4.9,,,,,,
0.000072,0.94,2.732E-100,0.000000018,4.7,,,,,,
0.000073,0.92,1.0794E-101,1.825E-08,4.6,,,,,,
0.000074,0.9,4.2636E-103,1.85E-08,4.5,,,,,,
0.000075,0.86,1.6839E-104,1.875E-08,4.3,,,,,,
0.000076,0.84,6.649E-106,0.000000019,4.2,,,,,,
0.000077,0.84,2.625E-107,1.925E-08,4.2,,,,,,
0.000078,0.78,1.0362E-108,1.95E-08,3.9,,,,,,
0.000079,0.76,4.0895E-110,1.975E-08,3.8,,,,,,
0.00008,0.72,1.6137E-111,0.00000002,3.6,,,,,,
0.000081,0.68,6.3668E-113,2.025E-08,3.4,,,,,,
0.000082,0.68,2.5116E-114,2.05E-08,3.4,,,,,,
0.000083,0.64,9.9063E-116,2.075E-08,3.2,,,,,,
0.000084,0.62,3.9067E-117,0.000000021,3.1,,,,,,
0.000085,0.58,1.5404E-118,2.125E-08,2.9,,,,,,
0.000086,0.58,6.0733E-120,2.15E-08,2.9,,,,,,
0.000087,0.54,2.3941E-121,2.175E-08,2.7,,,,,,
0.000088,0.52,9.4363E-123,0.000000022,2.6,,,,,,
0.000089,0.46,3.7188E-124,2.225E-08,2.3,,,,,,
0.00009,0.46,1.4654E-125,2.25E-08,2.3,,,,,,
0.000091,0.46,5.7736E-127,2.275E-08,2.3,,,,,,
0.000092,0.4,2.2745E-128,0.000000023,2,,,,,,
0.000093,0.4,8.9595E-130,2.325E-08,2,,,,,,
0.000094,0.36,3.5288E-131,2.35E-08,1.8,,,,,,
0.000095,0.34,1.3897E-132,2.375E-08,1.7,,,,,,
0.000096,0.32,5.4721E-134,0.000000024,1.6,,,,,,
0.000097,0.28,2.1545E-135,2.425E-08,1.4,,,,,,
0.000098,0.24,8.4821E-137,2.45E-08,1.2,,,,,,
0.000099,0.22,3.3389E-138,2.475E-08,1.1,,,,,,
0.0001,0.18,1.3142E-139,0.000000025,0.9,,,,,,
0.000101,0.16,5.1723E-141,2.525E-08,0.8,,,,,,
0.000102,0.14,2.0354E-142,2.55E-08,0.7,,,,,,
0.000103,0.1,8.0091E-144,2.575E-08,0.5,,,,,,
0.000104,0.06,3.1512E-145,0.000000026,0.3,,,,,,
0.000105,0.02,1.2397E-146,2.625E-08,0.1,,,,,,
0.000106,0,4.8768E-148,2.65E-08,0,,,,,,
0.000107,-0.04,1.9182E-149,2.675E-08,-0.2,,,,,,
0.000108,-0.06,7.5446E-151,0.000000027,-0.3,,,,,,
0.000109,-0.1,2.9671E-152,2.725E-08,-0.5,,,,,,
0.00011,-0.14,1.1668E-153,2.75E-08,-0.7,,,,,,
0.000111,-0.18,4.5879E-155,2.775E-08,-0.9,,,,,,
0.000112,-0.22,1.8038E-156,0.000000028,-1.1,,,,,,
0.000113,-0.24,7.0917E-158,2.825E-08,-1.2,,,,,,
0.000114,-0.28,2.7878E-159,2.85E-08,-1.4,,,,,,
0.000115,-0.32,1.0959E-160,2.875E-08,-1.6,,,,,,
0.000116,-0.34,4.3073E-162,0.000000029,-1.7,,,,,,
0.000117,-0.36,1.6929E-163,2.925E-08,-1.8,,,,,,
0.000118,-0.36,6.6529E-165,2.95E-08,-1.8,,,,,,
0.000119,-0.4,2.6144E-166,2.975E-08,-2,,,,,,
0.00012,-0.42,1.0273E-167,0.00000003,-2.1,,,,,,
0.000121,-0.44,4.0363E-169,3.025E-08,-2.2,,,,,,
0.000122,-0.46,1.5858E-170,3.05E-08,-2.3,,,,,,
0.000123,-0.48,6.2299E-172,3.075E-08,-2.4,,,,,,
0.000124,-0.5,2.4473E-173,0.000000031,-2.5,,,,,,
0.000125,-0.54,9.6132E-175,3.125E-08,-2.7,,,,,,
0.000126,-0.54,3.7759E-176,3.15E-08,-2.7,,,,,,
0.000127,-0.54,1.483E-177,3.175E-08,-2.7,,,,,,
0.000128,-0.6,5.8242E-179,0.000000032,-3,,,,,,
0.000129,-0.58,2.2872E-180,3.225E-08,-2.9,,,,,,
0.00013,-0.62,8.9814E-182,3.25E-08,-3.1,,,,,,
0.000131,-0.66,3.5266E-183,3.275E-08,-3.3,,,,,,
0.000132,-0.66,1.3847E-184,0.000000033,-3.3,,,,,,
0.000133,-0.68,5.4365E-186,3.325E-08,-3.4,,,,,,
0.000134,-0.7,2.1343E-187,3.35E-08,-3.5,,,,,,
0.000135,-0.74,8.3786E-189,3.375E-08,-3.7,,,,,,
0.000136,-0.74,3.289E-190,0.000000034,-3.7,,,,,,
0.000137,-0.74,1.291E-191,3.425E-08,-3.7,,,,,,
0.000138,-0.78,5.0673E-193,3.45E-08,-3.9,,,,,,
0.000139,-0.78,1.9888E-194,3.475E-08,-3.9,,,,,,
0.00014,-0.82,7.8055E-196,0.000000035,-4.1,,,,,,
0.000141,-0.82,3.0632E-197,3.525E-08,-4.1,,,,,,
0.000142,-0.82,1.2021E-198,3.55E-08,-4.1,,,,,,
0.000143,-0.84,4.717E-200,3.575E-08,-4.2,,,,,,
0.000144,-0.86,1.8509E-201,0.000000036,-4.3,,,,,,
0.000145,-0.88,7.2622E-203,3.625E-08,-4.4,,,,,,
0.000146,-0.88,2.8493E-204,3.65E-08,-4.4,,,,,,
0.000147,-0.86,1.1179E-205,3.675E-08,-4.3,,,,,,
0.000148,-0.88,4.3855E-207,0.000000037,-4.4,,,,,,
0.000149,-0.9,1.7204E-208,3.725E-08,-4.5,,,,,,
0.00015,-0.88,6.7486E-210,3.75E-08,-4.4,,,,,,
0.000151,-0.88,2.6472E-211,3.775E-08,-4.4,,,,,,
0.000152,-0.86,1.0383E-212,0.000000038,-4.3,,,,,,
0.000153,-0.88,4.0725E-214,3.825E-08,-4.4,,,,,,
0.000154,-0.88,1.5973E-215,3.85E-08,-4.4,,,,,,
0.000155,-0.86,6.2643E-217,3.875E-08,-4.3,,,,,,
0.000156,-0.86,2.4567E-218,0.000000039,-4.3,,,,,,
0.000157,-0.86,9.634E-220,3.925E-08,-4.3,,,,,,
0.000158,-0.86,3.7779E-221,3.95E-08,-4.3,,,,,,
0.000159,-0.86,1.4814E-222,3.975E-08,-4.3,,,,,,
0.00016,-0.84,5.8086E-224,0.00000004,-4.2,,,,,,
0.000161,-0.86,2.2775E-225,4.025E-08,-4.3,,,,,,
0.000162,-0.84,8.9296E-227,4.05E-08,-4.2,,,,,,
0.000163,-0.84,3.501E-228,4.075E-08,-4.2,,,,,,
0.000164,-0.82,1.3725E-229,0.000000041,-4.1,,,,,,
0.000165,-0.84,5.3808E-231,4.125E-08,-4.2,,,,,,
0.000166,-0.82,2.1094E-232,4.15E-08,-4.1,,,,,,
0.000167,-0.78,8.2687E-234,4.175E-08,-3.9,,,,,,
0.000168,-0.8,3.2413E-235,0.000000042,-4,,,,,,
0.000169,-0.76,1.2705E-236,4.225E-08,-3.8,,,,,,
0.00017,-0.76,4.9798E-238,4.25E-08,-3.8,,,,,,
0.000171,-0.76,1.9518E-239,4.275E-08,-3.8,,,,,,
0.000172,-0.76,7.6498E-241,0.000000043,-3.8,,,,,,
0.000173,-0.74,2.9981E-242,4.325E-08,-3.7,,,,,,
0.000174,-0.7,1.175E-243,4.35E-08,-3.5,,,,,,
0.000175,-0.68,4.6047E-245,4.375E-08,-3.4,,,,,,
0.000176,-0.68,1.8045E-246,0.000000044,-3.4,,,,,,
0.000177,-0.66,7.0712E-248,4.425E-08,-3.3,,,,,,
0.000178,-0.66,2.7709E-249,4.45E-08,-3.3,,,,,,
0.000179,-0.66,1.0857E-250,4.475E-08,-3.3,,,,,,
0.00018,-0.6,4.2543E-252,0.000000045,-3,,,,,,
0.000181,-0.58,1.6669E-253,4.525E-08,-2.9,,,,,,
0.000182,-0.54,6.531E-255,4.55E-08,-2.7,,,,,,
0.000183,-0.54,2.5588E-256,4.575E-08,-2.7,,,,,,
0.000184,-0.52,1.0025E-257,0.000000046,-2.6,,,,,,
0.000185,-0.5,3.9275E-259,4.625E-08,-2.5,,,,,,
0.000186,-0.48,1.5386E-260,4.65E-08,-2.4,,,,,,
0.000187,-0.46,6.0275E-262,4.675E-08,-2.3,,,,,,
0.000188,-0.4,2.3612E-263,0.000000047,-2,,,,,,
0.000189,-0.42,9.2493E-265,4.725E-08,-2.1,,,,,,
0.00019,-0.36,3.6231E-266,4.75E-08,-1.8,,,,,,
0.000191,-0.36,1.4192E-267,4.775E-08,-1.8,,,,,,
0.000192,-0.34,5.5588E-269,0.000000048,-1.7,,,,,,
0.000193,-0.32,2.1773E-270,4.825E-08,-1.6,,,,,,
0.000194,-0.32,8.5276E-272,4.85E-08,-1.6,,,,,,
0.000195,-0.26,3.3399E-273,4.875E-08,-1.3,,,,,,
0.000196,-0.24,1.3081E-274,0.000000049,-1.2,,,,,,
0.000197,-0.22,5.1229E-276,4.925E-08,-1.1,,,,,,
0.000198,-0.14,2.0063E-277,4.95E-08,-0.7,,,,,,
0.000199,-0.16,7.8569E-279,4.975E-08,-0.8,,,,,,
0.0002,-0.14,3.0768E-280,0.00000005,-0.7,,,,,,
0.000201,-0.12,1.2049E-281,5.025E-08,-0.6,,,,,,
0.000202,-0.1,4.7182E-283,5.05E-08,-0.5,,,,,,
0.000203,-0.06,1.8475E-284,5.075E-08,-0.3,,,,,,
0.000204,-0.06,7.2343E-286,0.000000051,-0.3,,,,,,
0.000205,-0.04,2.8327E-287,5.125E-08,-0.2,,,,,,
0.000206,0.02,1.1091E-288,5.15E-08,0.1,,,,,,
0.000207,0.02,4.3427E-290,5.175E-08,0.1,,,,,,
0.000208,0.06,1.7003E-291,0.000000052,0.3,,,,,,
0.000209,0.08,6.657E-293,5.225E-08,0.4,,,,,,
0.00021,0.1,2.6063E-294,5.25E-08,0.5,,,,,,
0.000211,0.16,1.0204E-295,5.275E-08,0.8,,,,,,
0.000212,0.14,3.9947E-297,0.000000053,0.7,,,,,,
0.000213,0.18,1.5639E-298,5.325E-08,0.9,,,,,,
0.000214,0.2,6.1221E-300,5.35E-08,1,,,,,,
0.000215,0.24,2.3966E-301,5.375E-08,1.2,,,,,,
0.000216,0.24,9.3818E-303,0.000000054,1.2,,,,,,
0.000217,0.28,3.6725E-304,5.425E-08,1.4,,,,,,
0.000218,0.32,1.4376E-305,5.45E-08,1.6,,,,,,
0.000219,0.32,5.6271E-307,5.475E-08,1.6,,,,,,
0.00022,0.34,0,0.000000055,1.7,,,,,,
0.000221,0.38,0,5.525E-08,1.9,,,,,,
0.000222,0.4,0,5.55E-08,2,,,,,,
0.000223,0.42,0,5.575E-08,2.1,,,,,,
0.000224,0.42,0,0.000000056,2.1,,,,,,
0.000225,0.44,0,5.625E-08,2.2,,,,,,
0.000226,0.46,0,5.65E-08,2.3,,,,,,
0.000227,0.46,0,5.675E-08,2.3,,,,,,
0.000228,0.52,0,0.000000057,2.6,,,,,,
0.000229,0.52,0,5.725E-08,2.6,,,,,,
0.00023,0.54,0,5.75E-08,2.7,,,,,,
0.000231,0.54,0,5.775E-08,2.7,,,,,,
0.000232,0.54,0,0.000000058,2.7,,,,,,
0.000233,0.58,0,5.825E-08,2.9,,,,,,
0.000234,0.6,0,5.85E-08,3,,,,,,
0.000235,0.6,0,5.875E-08,3,,,,,,
0.000236,0.62,0,0.000000059,3.1,,,,,,
0.000237,0.66,0,5.925E-08,3.3,,,,,,
0.000238,0.64,0,5.95E-08,3.2,,,,,,
0.000239,0.66,0,5.975E-08,3.3,,,,,,
0.00024,0.68,0,0.00000006,3.4,,,,,,
0.000241,0.66,0,6.025E-08,3.3,,,,,,
0.000242,0.72,0,6.05E-08,3.6,,,,,,
0.000243,0.72,0,6.075E-08,3.6,,,,,,
0.000244,0.72,0,0.000000061,3.6,,,,,,
0.000245,0.72,0,6.125E-08,3.6,,,,,,
0.000246,0.72,0,6.15E-08,3.6,,,,,,
0.000247,0.76,0,6.175E-08,3.8,,,,,,
0.000248,0.74,0,0.000000062,3.7,,,,,,
0.000249,0.74,0,6.225E-08,3.7,,,,,,
0.00025,0.76,0,6.25E-08,3.8,,,,,,
0.000251,0.76,0,6.275E-08,3.8,,,,,,
0.000252,0.74,0,0.000000063,3.7,,,,,,
0.000253,0.74,0,6.325E-08,3.7,,,,,,
0.000254,0.76,0,6.35E-08,3.8,,,,,,
0.000255,0.76,0,6.375E-08,3.8,,,,,,
0.000256,0.74,0,0.000000064,3.7,,,,,,
0.000257,0.76,0,6.425E-08,3.8,,,,,,
0.000258,0.76,0,6.45E-08,3.8,,,,,,
0.000259,0.76,0,6.475E-08,3.8,,,,,,
0.00026,0.74,0,0.000000065,3.7,,,,,,
0.000261,0.72,0,6.525E-08,3.6,,,,,,
0.000262,0.74,0,6.55E-08,3.7,,,,,,
0.000263,0.72,0,6.575E-08,3.6,,,,,,
0.000264,0.7,0,0.000000066,3.5,,,,,,
0.000265,0.74,0,6.625E-08,3.7,,,,,,
0.000266,0.7,0,6.65E-08,3.5,,,,,,
0.000267,0.7,0,6.675E-08,3.5,,,,,,
0.000268,0.7,0,0.000000067,3.5,,,,,,
0.000269,0.68,0,6.725E-08,3.4,,,,,,
0.00027,0.7,0,6.75E-08,3.5,,,,,,
0.000271,0.68,0,6.775E-08,3.4,,,,,,
0.000272,0.64,0,0.000000068,3.2,,,,,,
0.000273,0.64,0,6.825E-08,3.2,,,,,,
0.000274,0.62,0,6.85E-08,3.1,,,,,,
0.000275,0.62,0,6.875E-08,3.1,,,,,,
0.000276,0.6,0,0.000000069,3,,,,,,
0.000277,0.58,0,6.925E-08,2.9,,,,,,
0.000278,0.6,0,6.95E-08,3,,,,,,
0.000279,0.56,0,6.975E-08,2.8,,,,,,
0.00028,0.56,0,0.00000007,2.8,,,,,,
0.000281,0.56,0,7.025E-08,2.8,,,,,,
0.000282,0.52,0,7.05E-08,2.6,,,,,,
0.000283,0.52,0,7.075E-08,2.6,,,,,,
0.000284,0.48,0,0.000000071,2.4,,,,,,
0.000285,0.48,0,7.125E-08,2.4,,,,,,
0.000286,0.48,0,7.15E-08,2.4,,,,,,
0.000287,0.44,0,7.175E-08,2.2,,,,,,
0.000288,0.4,0,0.000000072,2,,,,,,
0.000289,0.42,0,7.225E-08,2.1,,,,,,
0.00029,0.4,0,7.25E-08,2,,,,,,
0.000291,0.38,0,7.275E-08,1.9,,,,,,
0.000292,0.36,0,0.000000073,1.8,,,,,,
0.000293,0.32,0,7.325E-08,1.6,,,,,,
0.000294,0.32,0,7.35E-08,1.6,,,,,,
0.000295,0.28,0,7.375E-08,1.4,,,,,,
0.000296,0.24,0,0.000000074,1.2,,,,,,
0.000297,0.24,0,7.425E-08,1.2,,,,,,
0.000298,0.22,0,7.45E-08,1.1,,,,,,
0.000299,0.2,0,7.475E-08,1,,,,,,
0.0003,0.16,0,0.000000075,0.8,,,,,,
0.000301,0.16,0,7.525E-08,0.8,,,,,,
0.000302,0.14,0,7.55E-08,0.7,,,,,,
0.000303,0.14,0,7.575E-08,0.7,,,,,,
0.000304,0.1,0,0.000000076,0.5,,,,,,
0.000305,0.06,0,7.625E-08,0.3,,,,,,
0.000306,0.06,0,7.65E-08,0.3,,,,,,
0.000307,0.04,0,7.675E-08,0.2,,,,,,
0.000308,0.02,0,0.000000077,0.1,,,,,,
0.000309,0,0,7.725E-08,0,,,,,,
0.00031,-0.02,0,7.75E-08,-0.1,,,,,,
0.000311,-0.04,0,7.775E-08,-0.2,,,,,,
0.000312,-0.06,0,0.000000078,-0.3,,,,,,
0.000313,-0.08,0,7.825E-08,-0.4,,,,,,
0.000314,-0.08,0,7.85E-08,-0.4,,,,,,
0.000315,-0.12,0,7.875E-08,-0.6,,,,,,
0.000316,-0.14,0,0.000000079,-0.7,,,,,,
0.000317,-0.16,0,7.925E-08,-0.8,,,,,,
0.000318,-0.18,0,7.95E-08,-0.9,,,,,,
0.000319,-0.18,0,7.975E-08,-0.9,,,,,,
0.00032,-0.2,0,0.00000008,-1,,,,,,
0.000321,-0.22,0,8.025E-08,-1.1,,,,,,
0.000322,-0.22,0,8.05E-08,-1.1,,,,,,
0.000323,-0.26,0,8.075E-08,-1.3,,,,,,
0.000324,-0.3,0,0.000000081,-1.5,,,,,,
0.000325,-0.32,0,8.125E-08,-1.6,,,,,,
0.000326,-0.32,0,8.15E-08,-1.6,,,,,,
0.000327,-0.36,0,8.175E-08,-1.8,,,,,,
0.000328,-0.36,0,0.000000082,-1.8,,,,,,
0.000329,-0.38,0,8.225E-08,-1.9,,,,,,
0.00033,-0.38,0,8.25E-08,-1.9,,,,,,
0.000331,-0.4,0,8.275E-08,-2,,,,,,
0.000332,-0.42,0,0.000000083,-2.1,,,,,,
0.000333,-0.4,0,8.325E-08,-2,,,,,,
0.000334,-0.44,0,8.35E-08,-2.2,,,,,,
0.000335,-0.46,0,8.375E-08,-2.3,,,,,,
0.000336,-0.46,0,0.000000084,-2.3,,,,,,
0.000337,-0.5,0,8.425E-08,-2.5,,,,,,
0.000338,-0.46,0,8.45E-08,-2.3,,,,,,
0.000339,-0.48,0,8.475E-08,-2.4,,,,,,
0.00034,-0.5,0,0.000000085,-2.5,,,,,,
0.000341,-0.5,0,8.525E-08,-2.5,,,,,,
0.000342,-0.54,0,8.55E-08,-2.7,,,,,,
0.000343,-0.52,0,8.575E-08,-2.6,,,,,,
0.000344,-0.52,0,0.000000086,-2.6,,,,,,
0.000345,-0.54,0,8.625E-08,-2.7,,,,,,
0.000346,-0.54,0,8.65E-08,-2.7,,,,,,
0.000347,-0.54,0,8.675E-08,-2.7,,,,,,
0.000348,-0.56,0,0.000000087,-2.8,,,,,,
0.000349,-0.58,0,8.725E-08,-2.9,,,,,,
0.00035,-0.58,0,8.75E-08,-2.9,,,,,,
0.000351,-0.56,0,8.775E-08,-2.8,,,,,,
0.000352,-0.58,0,0.000000088,-2.9,,,,,,
0.000353,-0.58,0,8.825E-08,-2.9,,,,,,
0.000354,-0.58,0,8.85E-08,-2.9,,,,,,
0.000355,-0.58,0,8.875E-08,-2.9,,,,,,
0.000356,-0.58,0,0.000000089,-2.9,,,,,,
0.000357,-0.6,0,8.925E-08,-3,,,,,,
0.000358,-0.58,0,8.95E-08,-2.9,,,,,,
0.000359,-0.58,0,8.975E-08,-2.9,,,,,,
0.00036,-0.6,0,0.00000009,-3,,,,,,
0.000361,-0.58,0,9.025E-08,-2.9,,,,,,
0.000362,-0.58,0,9.05E-08,-2.9,,,,,,
0.000363,-0.58,0,9.075E-08,-2.9,,,,,,
0.000364,-0.56,0,0.000000091,-2.8,,,,,,
0.000365,-0.58,0,9.125E-08,-2.9,,,,,,
0.000366,-0.56,0,9.15E-08,-2.8,,,,,,
0.000367,-0.56,0,9.175E-08,-2.8,,,,,,
0.000368,-0.56,0,0.000000092,-2.8,,,,,,
0.000369,-0.54,0,9.225E-08,-2.7,,,,,,
0.00037,-0.54,0,9.25E-08,-2.7,,,,,,
0.000371,-0.52,0,9.275E-08,-2.6,,,,,,
0.000372,-0.5,0,0.000000093,-2.5,,,,,,
0.000373,-0.54,0,9.325E-08,-2.7,,,,,,
0.000374,-0.5,0,9.35E-08,-2.5,,,,,,
0.000375,-0.48,0,9.375E-08,-2.4,,,,,,
0.000376,-0.48,0,0.000000094,-2.4,,,,,,
0.000377,-0.46,0,9.425E-08,-2.3,,,,,,
0.000378,-0.46,0,9.45E-08,-2.3,,,,,,
0.000379,-0.42,0,9.475E-08,-2.1,,,,,,
0.00038,-0.42,0,0.000000095,-2.1,,,,,,
0.000381,-0.44,0,9.525E-08,-2.2,,,,,,
0.000382,-0.4,0,9.55E-08,-2,,,,,,
0.000383,-0.38,0,9.575E-08,-1.9,,,,,,
0.000384,-0.4,0,0.000000096,-2,,,,,,
0.000385,-0.38,0,9.625E-08,-1.9,,,,,,
0.000386,-0.38,0,9.65E-08,-1.9,,,,,,
0.000387,-0.34,0,9.675E-08,-1.7,,,,,,
0.000388,-0.34,0,0.000000097,-1.7,,,,,,
0.000389,-0.32,0,9.725E-08,-1.6,,,,,,
0.00039,-0.3,0,9.75E-08,-1.5,,,,,,
0.000391,-0.3,0,9.775E-08,-1.5,,,,,,
0.000392,-0.24,0,0.000000098,-1.2,,,,,,
0.000393,-0.24,0,9.825E-08,-1.2,,,,,,
0.000394,-0.24,0,9.85E-08,-1.2,,,,,,
0.000395,-0.22,0,9.875E-08,-1.1,,,,,,
0.000396,-0.2,0,0.000000099,-1,,,,,,
0.000397,-0.18,0,9.925E-08,-0.9,,,,,,
0.000398,-0.16,0,9.95E-08,-0.8,,,,,,
0.000399,-0.14,0,9.975E-08,-0.7,,,,,,
0.0004,-0.14,0,0.0000001,-0.7,,,,,,
0.000401,-0.12,0,1.0025E-07,-0.6,,,,,,
0.000402,-0.1,0,1.005E-07,-0.5,,,,,,
0.000403,-0.08,0,1.0075E-07,-0.4,,,,,,
0.000404,-0.06,0,0.000000101,-0.3,,,,,,
0.000405,-0.02,0,1.0125E-07,-0.1,,,,,,
0.000406,-0.04,0,1.015E-07,-0.2,,,,,,
0.000407,-0.02,0,1.0175E-07,-0.1,,,,,,
0.000408,0.02,0,0.000000102,0.1,,,,,,
0.000409,0.02,0,1.0225E-07,0.1,,,,,,
0.00041,0.02,0,1.025E-07,0.1,,,,,,
0.000411,0.04,0,1.0275E-07,0.2,,,,,,
0.000412,0.04,0,0.000000103,0.2,,,,,,
0.000413,0.1,0,1.0325E-07,0.5,,,,,,
0.000414,0.12,0,1.035E-07,0.6,,,,,,
0.000415,0.1,0,1.0375E-07,0.5,,,,,,
0.000416,0.12,0,0.000000104,0.6,,,,,,
0.000417,0.14,0,1.0425E-07,0.7,,,,,,
0.000418,0.14,0,1.045E-07,0.7,,,,,,
0.000419,0.18,0,1.0475E-07,0.9,,,,,,
0.00042,0.2,0,0.000000105,1,,,,,,
0.000421,0.22,0,1.0525E-07,1.1,,,,,,
0.000422,0.24,0,1.055E-07,1.2,,,,,,
0.000423,0.22,0,1.0575E-07,1.1,,,,,,
0.000424,0.26,0,0.000000106,1.3,,,,,,
0.000425,0.26,0,1.0625E-07,1.3,,,,,,
0.000426,0.26,0,1.065E-07,1.3,,,,,,
0.000427,0.28,0,1.0675E-07,1.4,,,,,,
0.000428,0.3,0,0.000000107,1.5,,,,,,
0.000429,0.34,0,1.0725E-07,1.7,,,,,,
0.00043,0.34,0,1.075E-07,1.7,,,,,,
0.000431,0.34,0,1.0775E-07,1.7,,,,,,
0.000432,0.36,0,0.000000108,1.8,,,,,,
0.000433,0.36,0,1.0825E-07,1.8,,,,,,
0.000434,0.38,0,1.085E-07,1.9,,,,,,
0.000435,0.42,0,1.0875E-07,2.1,,,,,,
0.000436,0.38,0,0.000000109,1.9,,,,,,
0.000437,0.42,0,1.0925E-07,2.1,,,,,,
0.000438,0.46,0,1.095E-07,2.3,,,,,,
0.000439,0.42,0,1.0975E-07,2.1,,,,,,
0.00044,0.42,0,0.00000011,2.1,,,,,,
0.000441,0.44,0,1.1025E-07,2.2,,,,,,
0.000442,0.46,0,1.105E-07,2.3,,,,,,
0.000443,0.46,0,1.1075E-07,2.3,,,,,,
0.000444,0.44,0,0.000000111,2.2,,,,,,
0.000445,0.48,0,1.1125E-07,2.4,,,,,,
0.000446,0.46,0,1.115E-07,2.3,,,,,,
0.000447,0.5,0,1.1175E-07,2.5,,,,,,
0.000448,0.5,0,0.000000112,2.5,,,,,,
0.000449,0.5,0,1.1225E-07,2.5,,,,,,
0.00045,0.52,0,1.125E-07,2.6,,,,,,
0.000451,0.52,0,1.1275E-07,2.6,,,,,,
0.000452,0.5,0,0.000000113,2.5,,,,,,
0.000453,0.5,0,1.1325E-07,2.5,,,,,,
0.000454,0.52,0,1.135E-07,2.6,,,,,,
0.000455,0.52,0,1.1375E-07,2.6,,,,,,
0.000456,0.52,0,0.000000114,2.6,,,,,,
0.000457,0.5,0,1.1425E-07,2.5,,,,,,
0.000458,0.52,0,1.145E-07,2.6,,,,,,
0.000459,0.52,0,1.1475E-07,2.6,,,,,,
0.00046,0.5,0,0.000000115,2.5,,,,,,
0.000461,0.52,0,1.1525E-07,2.6,,,,,,
0.000462,0.52,0,1.155E-07,2.6,,,,,,
0.000463,0.52,0,1.1575E-07,2.6,,,,,,
0.000464,0.52,0,0.000000116,2.6,,,,,,
0.000465,0.52,0,1.1625E-07,2.6,,,,,,
0.000466,0.52,0,1.165E-07,2.6,,,,,,
0.000467,0.5,0,1.1675E-07,2.5,,,,,,
0.000468,0.5,0,0.000000117,2.5,,,,,,
0.000469,0.5,0,1.1725E-07,2.5,,,,,,
0.00047,0.46,0,1.175E-07,2.3,,,,,,
0.000471,0.48,0,1.1775E-07,2.4,,,,,,
0.000472,0.46,0,0.000000118,2.3,,,,,,
0.000473,0.44,0,1.1825E-07,2.2,,,,,,
0.000474,0.46,0,1.185E-07,2.3,,,,,,
0.000475,0.42,0,1.1875E-07,2.1,,,,,,
0.000476,0.46,0,0.000000119,2.3,,,,,,
0.000477,0.46,0,1.1925E-07,2.3,,,,,,
0.000478,0.42,0,1.195E-07,2.1,,,,,,
0.000479,0.42,0,1.1975E-07,2.1,,,,,,
0.00048,0.4,0,0.00000012,2,,,,,,
0.000481,0.38,0,1.2025E-07,1.9,,,,,,
0.000482,0.4,0,1.205E-07,2,,,,,,
0.000483,0.38,0,1.2075E-07,1.9,,,,,,
0.000484,0.38,0,0.000000121,1.9,,,,,,
0.000485,0.36,0,1.2125E-07,1.8,,,,,,
0.000486,0.34,0,1.215E-07,1.7,,,,,,
0.000487,0.34,0,1.2175E-07,1.7,,,,,,
0.000488,0.32,0,0.000000122,1.6,,,,,,
0.000489,0.32,0,1.2225E-07,1.6,,,,,,
0.00049,0.3,0,1.225E-07,1.5,,,,,,
0.000491,0.28,0,1.2275E-07,1.4,,,,,,
0.000492,0.3,0,0.000000123,1.5,,,,,,
0.000493,0.26,0,1.2325E-07,1.3,,,,,,
0.000494,0.24,0,1.235E-07,1.2,,,,,,
0.000495,0.24,0,1.2375E-07,1.2,,,,,,
0.000496,0.22,0,0.000000124,1.1,,,,,,
0.000497,0.22,0,1.2425E-07,1.1,,,,,,
0.000498,0.2,0,1.245E-07,1,,,,,,
0.000499,0.18,0,1.2475E-07,0.9,,,,,,
0.0005,0.16,0,0.000000125,0.8,,,,,,
0.000501,0.16,0,1.2525E-07,0.8,,,,,,
0.000502,0.14,0,1.255E-07,0.7,,,,,,
0.000503,0.14,0,1.2575E-07,0.7,,,,,,
0.000504,0.12,0,0.000000126,0.6,,,,,,
0.000505,0.1,0,1.2625E-07,0.5,,,,,,
0.000506,0.1,0,1.265E-07,0.5,,,,,,
0.000507,0.08,0,1.2675E-07,0.4,,,,,,
0.000508,0.04,0,0.000000127,0.2,,,,,,
0.000509,0.04,0,1.2725E-07,0.2,,,,,,
0.00051,0.02,0,1.275E-07,0.1,,,,,,
0.000511,0.02,0,1.2775E-07,0.1,,,,,,
0.000512,-0.02,0,0.000000128,-0.1,,,,,,
0.000513,0,0,1.2825E-07,0,,,,,,
0.000514,-0.04,0,1.285E-07,-0.2,,,,,,
0.000515,-0.04,0,1.2875E-07,-0.2,,,,,,
0.000516,-0.04,0,0.000000129,-0.2,,,,,,
0.000517,-0.06,0,1.2925E-07,-0.3,,,,,,
0.000518,-0.06,0,1.295E-07,-0.3,,,,,,
0.000519,-0.06,0,1.2975E-07,-0.3,,,,,,
0.00052,-0.1,0,0.00000013,-0.5,,,,,,
0.000521,-0.1,0,1.3025E-07,-0.5,,,,,,
0.000522,-0.1,0,1.305E-07,-0.5,,,,,,
0.000523,-0.12,0,1.3075E-07,-0.6,,,,,,
0.000524,-0.12,0,0.000000131,-0.6,,,,,,
0.000525,-0.16,0,1.3125E-07,-0.8,,,,,,
0.000526,-0.18,0,1.315E-07,-0.9,,,,,,
0.000527,-0.16,0,1.3175E-07,-0.8,,,,,,
0.000528,-0.2,0,0.000000132,-1,,,,,,
0.000529,-0.2,0,1.3225E-07,-1,,,,,,
0.00053,-0.24,0,1.325E-07,-1.2,,,,,,
0.000531,-0.24,0,1.3275E-07,-1.2,,,,,,
0.000532,-0.22,0,0.000000133,-1.1,,,,,,
0.000533,-0.26,0,1.3325E-07,-1.3,,,,,,
0.000534,-0.28,0,1.335E-07,-1.4,,,,,,
0.000535,-0.28,0,1.3375E-07,-1.4,,,,,,
0.000536,-0.28,0,0.000000134,-1.4,,,,,,
0.000537,-0.3,0,1.3425E-07,-1.5,,,,,,
0.000538,-0.3,0,1.345E-07,-1.5,,,,,,
0.000539,-0.32,0,1.3475E-07,-1.6,,,,,,
0.00054,-0.32,0,0.000000135,-1.6,,,,,,
0.000541,-0.32,0,1.3525E-07,-1.6,,,,,,
0.000542,-0.34,0,1.355E-07,-1.7,,,,,,
0.000543,-0.34,0,1.3575E-07,-1.7,,,,,,
0.000544,-0.34,0,0.000000136,-1.7,,,,,,
0.000545,-0.34,0,1.3625E-07,-1.7,,,,,,
0.000546,-0.36,0,1.365E-07,-1.8,,,,,,
0.000547,-0.36,0,1.3675E-07,-1.8,,,,,,
0.000548,-0.34,0,0.000000137,-1.7,,,,,,
0.000549,-0.36,0,1.3725E-07,-1.8,,,,,,
0.00055,-0.36,0,1.375E-07,-1.8,,,,,,
0.000551,-0.36,0,1.3775E-07,-1.8,,,,,,
0.000552,-0.36,0,0.000000138,-1.8,,,,,,
0.000553,-0.36,0,1.3825E-07,-1.8,,,,,,
0.000554,-0.36,0,1.385E-07,-1.8,,,,,,
0.000555,-0.36,0,1.3875E-07,-1.8,,,,,,
0.000556,-0.36,0,0.000000139,-1.8,,,,,,
0.000557,-0.38,0,1.3925E-07,-1.9,,,,,,
0.000558,-0.38,0,1.395E-07,-1.9,,,,,,
0.000559,-0.38,0,1.3975E-07,-1.9,,,,,,
0.00056,-0.4,0,0.00000014,-2,,,,,,
0.000561,-0.38,0,1.4025E-07,-1.9,,,,,,
0.000562,-0.4,0,1.405E-07,-2,,,,,,
0.000563,-0.4,0,1.4075E-07,-2,,,,,,
0.000564,-0.38,0,0.000000141,-1.9,,,,,,
0.000565,-0.4,0,1.4125E-07,-2,,,,,,
0.000566,-0.38,0,1.415E-07,-1.9,,,,,,
0.000567,-0.38,0,1.4175E-07,-1.9,,,,,,
0.000568,-0.4,0,0.000000142,-2,,,,,,
0.000569,-0.38,0,1.4225E-07,-1.9,,,,,,
0.00057,-0.38,0,1.425E-07,-1.9,,,,,,
0.000571,-0.36,0,1.4275E-07,-1.8,,,,,,
0.000572,-0.36,0,0.000000143,-1.8,,,,,,
0.000573,-0.38,0,1.4325E-07,-1.9,,,,,,
0.000574,-0.36,0,1.435E-07,-1.8,,,,,,
0.000575,-0.34,0,1.4375E-07,-1.7,,,,,,
0.000576,-0.34,0,0.000000144,-1.7,,,,,,
0.000577,-0.32,0,1.4425E-07,-1.6,,,,,,
0.000578,-0.32,0,1.445E-07,-1.6,,,,,,
0.000579,-0.3,0,1.4475E-07,-1.5,,,,,,
0.00058,-0.3,0,0.000000145,-1.5,,,,,,
0.000581,-0.32,0,1.4525E-07,-1.6,,,,,,
0.000582,-0.3,0,1.455E-07,-1.5,,,,,,
0.000583,-0.3,0,1.4575E-07,-1.5,,,,,,
0.000584,-0.26,0,0.000000146,-1.3,,,,,,
0.000585,-0.24,0,1.4625E-07,-1.2,,,,,,
0.000586,-0.26,0,1.465E-07,-1.3,,,,,,
0.000587,-0.24,0,1.4675E-07,-1.2,,,,,,
0.000588,-0.2,0,0.000000147,-1,,,,,,
0.000589,-0.22,0,1.4725E-07,-1.1,,,,,,
0.00059,-0.22,0,1.475E-07,-1.1,,,,,,
0.000591,-0.22,0,1.4775E-07,-1.1,,,,,,
0.000592,-0.22,0,0.000000148,-1.1,,,,,,
0.000593,-0.18,0,1.4825E-07,-0.9,,,,,,
0.000594,-0.2,0,1.485E-07,-1,,,,,,
0.000595,-0.18,0,1.4875E-07,-0.9,,,,,,
0.000596,-0.16,0,0.000000149,-0.8,,,,,,
0.000597,-0.18,0,1.4925E-07,-0.9,,,,,,
0.000598,-0.14,0,1.495E-07,-0.7,,,,,,
0.000599,-0.14,0,1.4975E-07,-0.7,,,,,,
0.0006,-0.14,0,0.00000015,-0.7,,,,,,
0.000601,-0.1,0,1.5025E-07,-0.5,,,,,,
0.000602,-0.1,0,1.505E-07,-0.5,,,,,,
0.000603,-0.1,0,1.5075E-07,-0.5,,,,,,
0.000604,-0.06,0,0.000000151,-0.3,,,,,,
0.000605,-0.06,0,1.5125E-07,-0.3,,,,,,
0.000606,-0.06,0,1.515E-07,-0.3,,,,,,
0.000607,-0.04,0,1.5175E-07,-0.2,,,,,,
0.000608,-0.04,0,0.000000152,-0.2,,,,,,
0.000609,-0.02,0,1.5225E-07,-0.1,,,,,,
0.00061,-0.02,0,1.525E-07,-0.1,,,,,,
0.000611,0.02,0,1.5275E-07,0.1,,,,,,
0.000612,0.02,0,0.000000153,0.1,,,,,,
0.000613,0.02,0,1.5325E-07,0.1,,,,,,
0.000614,0.04,0,1.535E-07,0.2,,,,,,
0.000615,0.06,0,1.5375E-07,0.3,,,,,,
0.000616,0.06,0,0.000000154,0.3,,,,,,
0.000617,0.08,0,1.5425E-07,0.4,,,,,,
0.000618,0.06,0,1.545E-07,0.3,,,,,,
0.000619,0.1,0,1.5475E-07,0.5,,,,,,
0.00062,0.1,0,0.000000155,0.5,,,,,,
0.000621,0.1,0,1.5525E-07,0.5,,,,,,
0.000622,0.12,0,1.555E-07,0.6,,,,,,
0.000623,0.1,0,1.5575E-07,0.5,,,,,,
0.000624,0.14,0,0.000000156,0.7,,,,,,
0.000625,0.18,0,1.5625E-07,0.9,,,,,,
0.000626,0.16,0,1.565E-07,0.8,,,,,,
0.000627,0.16,0,1.5675E-07,0.8,,,,,,
0.000628,0.18,0,0.000000157,0.9,,,,,,
0.000629,0.18,0,1.5725E-07,0.9,,,,,,
0.00063,0.2,0,1.575E-07,1,,,,,,
0.000631,0.2,0,1.5775E-07,1,,,,,,
0.000632,0.22,0,0.000000158,1.1,,,,,,
0.000633,0.24,0,1.5825E-07,1.2,,,,,,
0.000634,0.22,0,1.585E-07,1.1,,,,,,
0.000635,0.26,0,1.5875E-07,1.3,,,,,,
0.000636,0.24,0,0.000000159,1.2,,,,,,
0.000637,0.26,0,1.5925E-07,1.3,,,,,,
0.000638,0.28,0,1.595E-07,1.4,,,,,,
0.000639,0.26,0,1.5975E-07,1.3,,,,,,
0.00064,0.3,0,0.00000016,1.5,,,,,,
0.000641,0.3,0,1.6025E-07,1.5,,,,,,
0.000642,0.3,0,1.605E-07,1.5,,,,,,
0.000643,0.34,0,1.6075E-07,1.7,,,,,,
0.000644,0.3,0,0.000000161,1.5,,,,,,
0.000645,0.32,0,1.6125E-07,1.6,,,,,,
0.000646,0.34,0,1.615E-07,1.7,,,,,,
0.000647,0.32,0,1.6175E-07,1.6,,,,,,
0.000648,0.34,0,0.000000162,1.7,,,,,,
0.000649,0.32,0,1.6225E-07,1.6,,,,,,
0.00065,0.34,0,1.625E-07,1.7,,,,,,
0.000651,0.36,0,1.6275E-07,1.8,,,,,,
0.000652,0.34,0,0.000000163,1.7,,,,,,
0.000653,0.32,0,1.6325E-07,1.6,,,,,,
0.000654,0.36,0,1.635E-07,1.8,,,,,,
0.000655,0.36,0,1.6375E-07,1.8,,,,,,
0.000656,0.34,0,0.000000164,1.7,,,,,,
0.000657,0.36,0,1.6425E-07,1.8,,,,,,
0.000658,0.34,0,1.645E-07,1.7,,,,,,
0.000659,0.34,0,1.6475E-07,1.7,,,,,,
0.00066,0.36,0,0.000000165,1.8,,,,,,
0.000661,0.36,0,1.6525E-07,1.8,,,,,,
0.000662,0.36,0,1.655E-07,1.8,,,,,,
0.000663,0.34,0,1.6575E-07,1.7,,,,,,
0.000664,0.36,0,0.000000166,1.8,,,,,,
0.000665,0.36,0,1.6625E-07,1.8,,,,,,
0.000666,0.34,0,1.665E-07,1.7,,,,,,
0.000667,0.34,0,1.6675E-07,1.7,,,,,,
0.000668,0.34,0,0.000000167,1.7,,,,,,
0.000669,0.34,0,1.6725E-07,1.7,,,,,,
0.00067,0.34,0,1.675E-07,1.7,,,,,,
0.000671,0.34,0,1.6775E-07,1.7,,,,,,
0.000672,0.34,0,0.000000168,1.7,,,,,,
0.000673,0.34,0,1.6825E-07,1.7,,,,,,
0.000674,0.32,0,1.685E-07,1.6,,,,,,
0.000675,0.32,0,1.6875E-07,1.6,,,,,,
0.000676,0.3,0,0.000000169,1.5,,,,,,
0.000677,0.28,0,1.6925E-07,1.4,,,,,,
0.000678,0.32,0,1.695E-07,1.6,,,,,,
0.000679,0.3,0,1.6975E-07,1.5,,,,,,
0.00068,0.3,0,0.00000017,1.5,,,,,,
0.000681,0.3,0,1.7025E-07,1.5,,,,,,
0.000682,0.28,0,1.705E-07,1.4,,,,,,
0.000683,0.28,0,1.7075E-07,1.4,,,,,,
0.000684,0.26,0,0.000000171,1.3,,,,,,
0.000685,0.28,0,1.7125E-07,1.4,,,,,,
0.000686,0.24,0,1.715E-07,1.2,,,,,,
0.000687,0.24,0,1.7175E-07,1.2,,,,,,
0.000688,0.24,0,0.000000172,1.2,,,,,,
0.000689,0.22,0,1.7225E-07,1.1,,,,,,
0.00069,0.22,0,1.725E-07,1.1,,,,,,
0.000691,0.24,0,1.7275E-07,1.2,,,,,,
0.000692,0.24,0,0.000000173,1.2,,,,,,
0.000693,0.22,0,1.7325E-07,1.1,,,,,,
0.000694,0.22,0,1.735E-07,1.1,,,,,,
0.000695,0.2,0,1.7375E-07,1,,,,,,
0.000696,0.2,0,0.000000174,1,,,,,,
0.000697,0.18,0,1.7425E-07,0.9,,,,,,
0.000698,0.16,0,1.745E-07,0.8,,,,,,
0.000699,0.18,0,1.7475E-07,0.9,,,,,,
0.0007,0.16,0,0.000000175,0.8,,,,,,
0.000701,0.16,0,1.7525E-07,0.8,,,,,,
0.000702,0.16,0,1.755E-07,0.8,,,,,,
0.000703,0.12,0,1.7575E-07,0.6,,,,,,
0.000704,0.14,0,0.000000176,0.7,,,,,,
0.000705,0.12,0,1.7625E-07,0.6,,,,,,
0.000706,0.12,0,1.765E-07,0.6,,,,,,
0.000707,0.08,0,1.7675E-07,0.4,,,,,,
0.000708,0.06,0,0.000000177,0.3,,,,,,
0.000709,0.08,0,1.7725E-07,0.4,,,,,,
0.00071,0.06,0,1.775E-07,0.3,,,,,,
0.000711,0.04,0,1.7775E-07,0.2,,,,,,
0.000712,0.04,0,0.000000178,0.2,,,,,,
0.000713,0.02,0,1.7825E-07,0.1,,,,,,
0.000714,0.04,0,1.785E-07,0.2,,,,,,
0.000715,0,0,1.7875E-07,0,,,,,,
0.000716,-0.02,0,0.000000179,-0.1,,,,,,
0.000717,0,0,1.7925E-07,0,,,,,,
0.000718,-0.02,0,1.795E-07,-0.1,,,,,,
0.000719,-0.02,0,1.7975E-07,-0.1,,,,,,
0.00072,-0.02,0,0.00000018,-0.1,,,,,,
0.000721,-0.06,0,1.8025E-07,-0.3,,,,,,
0.000722,-0.04,0,1.805E-07,-0.2,,,,,,
0.000723,-0.06,0,1.8075E-07,-0.3,,,,,,
0.000724,-0.06,0,0.000000181,-0.3,,,,,,
0.000725,-0.06,0,1.8125E-07,-0.3,,,,,,
0.000726,-0.1,0,1.815E-07,-0.5,,,,,,
0.000727,-0.08,0,1.8175E-07,-0.4,,,,,,
0.000728,-0.08,0,0.000000182,-0.4,,,,,,
0.000729,-0.1,0,1.8225E-07,-0.5,,,,,,
0.00073,-0.12,0,1.825E-07,-0.6,,,,,,
0.000731,-0.14,0,1.8275E-07,-0.7,,,,,,
0.000732,-0.12,0,0.000000183,-0.6,,,,,,
0.000733,-0.14,0,1.8325E-07,-0.7,,,,,,
0.000734,-0.16,0,1.835E-07,-0.8,,,,,,
0.000735,-0.16,0,1.8375E-07,-0.8,,,,,,
0.000736,-0.12,0,0.000000184,-0.6,,,,,,
0.000737,-0.18,0,1.8425E-07,-0.9,,,,,,
0.000738,-0.16,0,1.845E-07,-0.8,,,,,,
0.000739,-0.18,0,1.8475E-07,-0.9,,,,,,
0.00074,-0.18,0,0.000000185,-0.9,,,,,,
0.000741,-0.18,0,1.8525E-07,-0.9,,,,,,
0.000742,-0.2,0,1.855E-07,-1,,,,,,
0.000743,-0.22,0,1.8575E-07,-1.1,,,,,,
0.000744,-0.2,0,0.000000186,-1,,,,,,
0.000745,-0.2,0,1.8625E-07,-1,,,,,,
0.000746,-0.2,0,1.865E-07,-1,,,,,,
0.000747,-0.22,0,1.8675E-07,-1.1,,,,,,
0.000748,-0.22,0,0.000000187,-1.1,,,,,,
0.000749,-0.24,0,1.8725E-07,-1.2,,,,,,
0.00075,-0.22,0,1.875E-07,-1.1,,,,,,
0.000751,-0.24,0,1.8775E-07,-1.2,,,,,,
0.000752,-0.24,0,0.000000188,-1.2,,,,,,
0.000753,-0.24,0,1.8825E-07,-1.2,,,,,,
0.000754,-0.22,0,1.885E-07,-1.1,,,,,,
0.000755,-0.24,0,1.8875E-07,-1.2,,,,,,
0.000756,-0.22,0,0.000000189,-1.1,,,,,,
0.000757,-0.24,0,1.8925E-07,-1.2,,,,,,
0.000758,-0.26,0,1.895E-07,-1.3,,,,,,
0.000759,-0.24,0,1.8975E-07,-1.2,,,,,,
0.00076,-0.26,0,0.00000019,-1.3,,,,,,
0.000761,-0.24,0,1.9025E-07,-1.2,,,,,,
0.000762,-0.24,0,1.905E-07,-1.2,,,,,,
0.000763,-0.24,0,1.9075E-07,-1.2,,,,,,
0.000764,-0.24,0,0.000000191,-1.2,,,,,,
0.000765,-0.26,0,1.9125E-07,-1.3,,,,,,
0.000766,-0.28,0,1.915E-07,-1.4,,,,,,
0.000767,-0.26,0,1.9175E-07,-1.3,,,,,,
0.000768,-0.26,0,0.000000192,-1.3,,,,,,
0.000769,-0.24,0,1.9225E-07,-1.2,,,,,,
0.00077,-0.24,0,1.925E-07,-1.2,,,,,,
0.000771,-0.26,0,1.9275E-07,-1.3,,,,,,
0.000772,-0.24,0,0.000000193,-1.2,,,,,,
0.000773,-0.24,0,1.9325E-07,-1.2,,,,,,
0.000774,-0.24,0,1.935E-07,-1.2,,,,,,
0.000775,-0.22,0,1.9375E-07,-1.1,,,,,,
0.000776,-0.24,0,0.000000194,-1.2,,,,,,
0.000777,-0.2,0,1.9425E-07,-1,,,,,,
0.000778,-0.22,0,1.945E-07,-1.1,,,,,,
0.000779,-0.22,0,1.9475E-07,-1.1,,,,,,
0.00078,-0.2,0,0.000000195,-1,,,,,,
0.000781,-0.22,0,1.9525E-07,-1.1,,,,,,
0.000782,-0.18,0,1.955E-07,-0.9,,,,,,
0.000783,-0.18,0,1.9575E-07,-0.9,,,,,,
0.000784,-0.2,0,0.000000196,-1,,,,,,
0.000785,-0.2,0,1.9625E-07,-1,,,,,,
0.000786,-0.18,0,1.965E-07,-0.9,,,,,,
0.000787,-0.18,0,1.9675E-07,-0.9,,,,,,
0.000788,-0.16,0,0.000000197,-0.8,,,,,,
0.000789,-0.2,0,1.9725E-07,-1,,,,,,
0.00079,-0.16,0,1.975E-07,-0.8,,,,,,
0.000791,-0.16,0,1.9775E-07,-0.8,,,,,,
0.000792,-0.16,0,0.000000198,-0.8,,,,,,
0.000793,-0.14,0,1.9825E-07,-0.7,,,,,,
0.000794,-0.16,0,1.985E-07,-0.8,,,,,,
0.000795,-0.12,0,1.9875E-07,-0.6,,,,,,
0.000796,-0.12,0,0.000000199,-0.6,,,,,,
0.000797,-0.12,0,1.9925E-07,-0.6,,,,,,
0.000798,-0.1,0,1.995E-07,-0.5,,,,,,
0.000799,-0.12,0,1.9975E-07,-0.6,,,,,,
0.0008,-0.1,0,0.0000002,-0.5,,,,,,
0.000801,-0.08,0,2.0025E-07,-0.4,,,,,,
0.000802,-0.08,0,2.005E-07,-0.4,,,,,,
0.000803,-0.06,0,2.0075E-07,-0.3,,,,,,
0.000804,-0.08,0,0.000000201,-0.4,,,,,,
0.000805,-0.06,0,2.0125E-07,-0.3,,,,,,
0.000806,-0.06,0,2.015E-07,-0.3,,,,,,
0.000807,-0.06,0,2.0175E-07,-0.3,,,,,,
0.000808,-0.04,0,0.000000202,-0.2,,,,,,
0.000809,0,0,2.0225E-07,0,,,,,,
0.00081,-0.02,0,2.025E-07,-0.1,,,,,,
0.000811,-0.02,0,2.0275E-07,-0.1,,,,,,
0.000812,0,0,0.000000203,0,,,,,,
0.000813,0,0,2.0325E-07,0,,,,,,
0.000814,0.04,0,2.035E-07,0.2,,,,,,
0.000815,0.02,0,2.0375E-07,0.1,,,,,,
0.000816,0.04,0,0.000000204,0.2,,,,,,
0.000817,0.04,0,2.0425E-07,0.2,,,,,,
0.000818,0.04,0,2.045E-07,0.2,,,,,,
0.000819,0.06,0,2.0475E-07,0.3,,,,,,
0.00082,0.02,0,0.000000205,0.1,,,,,,
0.000821,0.06,0,2.0525E-07,0.3,,,,,,
0.000822,0.08,0,2.055E-07,0.4,,,,,,
0.000823,0.08,0,2.0575E-07,0.4,,,,,,
0.000824,0.1,0,0.000000206,0.5,,,,,,
0.000825,0.06,0,2.0625E-07,0.3,,,,,,
0.000826,0.1,0,2.065E-07,0.5,,,,,,
0.000827,0.1,0,2.0675E-07,0.5,,,,,,
0.000828,0.12,0,0.000000207,0.6,,,,,,
0.000829,0.12,0,2.0725E-07,0.6,,,,,,
0.00083,0.14,0,2.075E-07,0.7,,,,,,
0.000831,0.14,0,2.0775E-07,0.7,,,,,,
0.000832,0.14,0,0.000000208,0.7,,,,,,
0.000833,0.14,0,2.0825E-07,0.7,,,,,,
0.000834,0.14,0,2.085E-07,0.7,,,,,,
0.000835,0.16,0,2.0875E-07,0.8,,,,,,
0.000836,0.16,0,0.000000209,0.8,,,,,,
0.000837,0.18,0,2.0925E-07,0.9,,,,,,
0.000838,0.16,0,2.095E-07,0.8,,,,,,
0.000839,0.18,0,2.0975E-07,0.9,,,,,,
0.00084,0.18,0,0.00000021,0.9,,,,,,
0.000841,0.2,0,2.1025E-07,1,,,,,,
0.000842,0.2,0,2.105E-07,1,,,,,,
0.000843,0.18,0,2.1075E-07,0.9,,,,,,
0.000844,0.2,0,0.000000211,1,,,,,,
0.000845,0.22,0,2.1125E-07,1.1,,,,,,
0.000846,0.2,0,2.115E-07,1,,,,,,
0.000847,0.2,0,2.1175E-07,1,,,,,,
0.000848,0.2,0,0.000000212,1,,,,,,
0.000849,0.22,0,2.1225E-07,1.1,,,,,,
0.00085,0.22,0,2.125E-07,1.1,,,,,,
0.000851,0.22,0,2.1275E-07,1.1,,,,,,
0.000852,0.22,0,0.000000213,1.1,,,,,,
0.000853,0.22,0,2.1325E-07,1.1,,,,,,
0.000854,0.24,0,2.135E-07,1.2,,,,,,
0.000855,0.24,0,2.1375E-07,1.2,,,,,,
0.000856,0.22,0,0.000000214,1.1,,,,,,
0.000857,0.24,0,2.1425E-07,1.2,,,,,,
0.000858,0.24,0,2.145E-07,1.2,,,,,,
0.000859,0.24,0,2.1475E-07,1.2,,,,,,
0.00086,0.24,0,0.000000215,1.2,,,,,,
0.000861,0.24,0,2.1525E-07,1.2,,,,,,
0.000862,0.26,0,2.155E-07,1.3,,,,,,
0.000863,0.24,0,2.1575E-07,1.2,,,,,,
0.000864,0.24,0,0.000000216,1.2,,,,,,
0.000865,0.24,0,2.1625E-07,1.2,,,,,,
0.000866,0.22,0,2.165E-07,1.1,,,,,,
0.000867,0.22,0,2.1675E-07,1.1,,,,,,
0.000868,0.26,0,0.000000217,1.3,,,,,,
0.000869,0.26,0,2.1725E-07,1.3,,,,,,
0.00087,0.24,0,2.175E-07,1.2,,,,,,
0.000871,0.24,0,2.1775E-07,1.2,,,,,,
0.000872,0.24,0,0.000000218,1.2,,,,,,
0.000873,0.24,0,2.1825E-07,1.2,,,,,,
0.000874,0.24,0,2.185E-07,1.2,,,,,,
0.000875,0.22,0,2.1875E-07,1.1,,,,,,
0.000876,0.24,0,0.000000219,1.2,,,,,,
0.000877,0.2,0,2.1925E-07,1,,,,,,
0.000878,0.24,0,2.195E-07,1.2,,,,,,
0.000879,0.22,0,2.1975E-07,1.1,,,,,,
0.00088,0.22,0,0.00000022,1.1,,,,,,
0.000881,0.2,0,2.2025E-07,1,,,,,,
0.000882,0.22,0,2.205E-07,1.1,,,,,,
0.000883,0.22,0,2.2075E-07,1.1,,,,,,
0.000884,0.2,0,0.000000221,1,,,,,,
0.000885,0.2,0,2.2125E-07,1,,,,,,
0.000886,0.2,0,2.215E-07,1,,,,,,
0.000887,0.18,0,2.2175E-07,0.9,,,,,,
0.000888,0.2,0,0.000000222,1,,,,,,
0.000889,0.18,0,2.2225E-07,0.9,,,,,,
0.00089,0.2,0,2.225E-07,1,,,,,,
0.000891,0.18,0,2.2275E-07,0.9,,,,,,
0.000892,0.16,0,0.000000223,0.8,,,,,,
0.000893,0.18,0,2.2325E-07,0.9,,,,,,
0.000894,0.14,0,2.235E-07,0.7,,,,,,
0.000895,0.14,0,2.2375E-07,0.7,,,,,,
0.000896,0.14,0,0.000000224,0.7,,,,,,
0.000897,0.12,0,2.2425E-07,0.6,,,,,,
0.000898,0.16,0,2.245E-07,0.8,,,,,,
0.000899,0.12,0,2.2475E-07,0.6,,,,,,
0.0009,0.12,0,0.000000225,0.6,,,,,,
0.000901,0.12,0,2.2525E-07,0.6,,,,,,
0.000902,0.1,0,2.255E-07,0.5,,,,,,
0.000903,0.12,0,2.2575E-07,0.6,,,,,,
0.000904,0.1,0,0.000000226,0.5,,,,,,
0.000905,0.1,0,2.2625E-07,0.5,,,,,,
0.000906,0.12,0,2.265E-07,0.6,,,,,,
0.000907,0.08,0,2.2675E-07,0.4,,,,,,
0.000908,0.08,0,0.000000227,0.4,,,,,,
0.000909,0.06,0,2.2725E-07,0.3,,,,,,
0.00091,0.06,0,2.275E-07,0.3,,,,,,
0.000911,0.08,0,2.2775E-07,0.4,,,,,,
0.000912,0.06,0,0.000000228,0.3,,,,,,
0.000913,0.06,0,2.2825E-07,0.3,,,,,,
0.000914,0.04,0,2.285E-07,0.2,,,,,,
0.000915,0.02,0,2.2875E-07,0.1,,,,,,
0.000916,0.04,0,0.000000229,0.2,,,,,,
0.000917,0,0,2.2925E-07,0,,,,,,
0.000918,0.02,0,2.295E-07,0.1,,,,,,
0.000919,0,0,2.2975E-07,0,,,,,,
0.00092,0,0,0.00000023,0,,,,,,
0.000921,0,0,2.3025E-07,0,,,,,,
0.000922,-0.02,0,2.305E-07,-0.1,,,,,,
0.000923,-0.02,0,2.3075E-07,-0.1,,,,,,
0.000924,-0.02,0,0.000000231,-0.1,,,,,,
0.000925,-0.04,0,2.3125E-07,-0.2,,,,,,
0.000926,-0.02,0,2.315E-07,-0.1,,,,,,
0.000927,-0.04,0,2.3175E-07,-0.2,,,,,,
0.000928,-0.04,0,0.000000232,-0.2,,,,,,
0.000929,-0.02,0,2.3225E-07,-0.1,,,,,,
0.00093,-0.06,0,2.325E-07,-0.3,,,,,,
0.000931,-0.06,0,2.3275E-07,-0.3,,,,,,
0.000932,-0.08,0,0.000000233,-0.4,,,,,,
0.000933,-0.06,0,2.3325E-07,-0.3,,,,,,
0.000934,-0.06,0,2.335E-07,-0.3,,,,,,
0.000935,-0.08,0,2.3375E-07,-0.4,,,,,,
0.000936,-0.08,0,0.000000234,-0.4,,,,,,
0.000937,-0.1,0,2.3425E-07,-0.5,,,,,,
0.000938,-0.1,0,2.345E-07,-0.5,,,,,,
0.000939,-0.1,0,2.3475E-07,-0.5,,,,,,
0.00094,-0.12,0,0.000000235,-0.6,,,,,,
0.000941,-0.12,0,2.3525E-07,-0.6,,,,,,
0.000942,-0.1,0,2.355E-07,-0.5,,,,,,
0.000943,-0.12,0,2.3575E-07,-0.6,,,,,,
0.000944,-0.1,0,0.000000236,-0.5,,,,,,
0.000945,-0.1,0,2.3625E-07,-0.5,,,,,,
0.000946,-0.12,0,2.365E-07,-0.6,,,,,,
0.000947,-0.14,0,2.3675E-07,-0.7,,,,,,
0.000948,-0.12,0,0.000000237,-0.6,,,,,,
0.000949,-0.12,0,2.3725E-07,-0.6,,,,,,
0.00095,-0.14,0,2.375E-07,-0.7,,,,,,
0.000951,-0.14,0,2.3775E-07,-0.7,,,,,,
0.000952,-0.14,0,0.000000238,-0.7,,,,,,
0.000953,-0.14,0,2.3825E-07,-0.7,,,,,,
0.000954,-0.12,0,2.385E-07,-0.6,,,,,,
0.000955,-0.14,0,2.3875E-07,-0.7,,,,,,
0.000956,-0.14,0,0.000000239,-0.7,,,,,,
0.000957,-0.16,0,2.3925E-07,-0.8,,,,,,
0.000958,-0.14,0,2.395E-07,-0.7,,,,,,
0.000959,-0.16,0,2.3975E-07,-0.8,,,,,,
0.00096,-0.16,0,0.00000024,-0.8,,,,,,
0.000961,-0.14,0,2.4025E-07,-0.7,,,,,,
0.000962,-0.16,0,2.405E-07,-0.8,,,,,,
0.000963,-0.16,0,2.4075E-07,-0.8,,,,,,
0.000964,-0.16,0,0.000000241,-0.8,,,,,,
0.000965,-0.16,0,2.4125E-07,-0.8,,,,,,
0.000966,-0.16,0,2.415E-07,-0.8,,,,,,
0.000967,-0.18,0,2.4175E-07,-0.9,,,,,,
0.000968,-0.18,0,0.000000242,-0.9,,,,,,
0.000969,-0.16,0,2.4225E-07,-0.8,,,,,,
0.00097,-0.16,0,2.425E-07,-0.8,,,,,,
0.000971,-0.16,0,2.4275E-07,-0.8,,,,,,
0.000972,-0.14,0,0.000000243,-0.7,,,,,,
0.000973,-0.14,0,2.4325E-07,-0.7,,,,,,
0.000974,-0.16,0,2.435E-07,-0.8,,,,,,
0.000975,-0.16,0,2.4375E-07,-0.8,,,,,,
0.000976,-0.16,0,0.000000244,-0.8,,,,,,
0.000977,-0.14,0,2.4425E-07,-0.7,,,,,,
0.000978,-0.16,0,2.445E-07,-0.8,,,,,,
0.000979,-0.14,0,2.4475E-07,-0.7,,,,,,
0.00098,-0.16,0,0.000000245,-0.8,,,,,,
0.000981,-0.14,0,2.4525E-07,-0.7,,,,,,
0.000982,-0.14,0,2.455E-07,-0.7,,,,,,
0.000983,-0.14,0,2.4575E-07,-0.7,,,,,,
0.000984,-0.14,0,0.000000246,-0.7,,,,,,
0.000985,-0.14,0,2.4625E-07,-0.7,,,,,,
0.000986,-0.1,0,2.465E-07,-0.5,,,,,,
0.000987,-0.12,0,2.4675E-07,-0.6,,,,,,
0.000988,-0.12,0,0.000000247,-0.6,,,,,,
0.000989,-0.1,0,2.4725E-07,-0.5,,,,,,
0.00099,-0.12,0,2.475E-07,-0.6,,,,,,
0.000991,-0.1,0,2.4775E-07,-0.5,,,,,,
0.000992,-0.12,0,0.000000248,-0.6,,,,,,
0.000993,-0.12,0,2.4825E-07,-0.6,,,,,,
0.000994,-0.1,0,2.485E-07,-0.5,,,,,,
0.000995,-0.1,0,2.4875E-07,-0.5,,,,,,
0.000996,-0.08,0,0.000000249,-0.4,,,,,,
0.000997,-0.08,0,2.4925E-07,-0.4,,,,,,
0.000998,-0.08,0,2.495E-07,-0.4,,,,,,
0.000999,-0.06,0,2.4975E-07,-0.3,,,,,,
0.001,-0.06,0,0.00000025,-0.3,,,,,,
0.001001,-0.06,0,2.5025E-07,-0.3,,,,,,
0.001002,-0.08,0,2.505E-07,-0.4,,,,,,
0.001003,-0.06,0,2.5075E-07,-0.3,,,,,,
0.001004,-0.04,0,0.000000251,-0.2,,,,,,
0.001005,-0.06,0,2.5125E-07,-0.3,,,,,,
0.001006,-0.04,0,2.515E-07,-0.2,,,,,,
0.001007,-0.04,0,2.5175E-07,-0.2,,,,,,
0.001008,-0.04,0,0.000000252,-0.2,,,,,,
0.001009,-0.02,0,2.5225E-07,-0.1,,,,,,
0.00101,-0.02,0,2.525E-07,-0.1,,,,,,
0.001011,0,0,2.5275E-07,0,,,,,,
0.001012,-0.02,0,0.000000253,-0.1,,,,,,
0.001013,0,0,2.5325E-07,0,,,,,,
0.001014,0.02,0,2.535E-07,0.1,,,,,,
0.001015,-0.02,0,2.5375E-07,-0.1,,,,,,
0.001016,0,0,0.000000254,0,,,,,,
0.001017,0,0,2.5425E-07,0,,,,,,
0.001018,0.02,0,2.545E-07,0.1,,,,,,
0.001019,0.02,0,2.5475E-07,0.1,,,,,,
0.00102,0.02,0,0.000000255,0.1,,,,,,
0.001021,0.04,0,2.5525E-07,0.2,,,,,,
0.001022,0.04,0,2.555E-07,0.2,,,,,,
0.001023,0.02,0,2.5575E-07,0.1,,,,,,
0.001024,0.04,0,0.000000256,0.2,,,,,,
0.001025,0.06,0,2.5625E-07,0.3,,,,,,
0.001026,0.04,0,2.565E-07,0.2,,,,,,
0.001027,0.08,0,2.5675E-07,0.4,,,,,,
0.001028,0.06,0,0.000000257,0.3,,,,,,
0.001029,0.08,0,2.5725E-07,0.4,,,,,,
0.00103,0.08,0,2.575E-07,0.4,,,,,,
0.001031,0.08,0,2.5775E-07,0.4,,,,,,
0.001032,0.08,0,0.000000258,0.4,,,,,,
0.001033,0.08,0,2.5825E-07,0.4,,,,,,
0.001034,0.1,0,2.585E-07,0.5,,,,,,
0.001035,0.1,0,2.5875E-07,0.5,,,,,,
0.001036,0.12,0,0.000000259,0.6,,,,,,
0.001037,0.12,0,2.5925E-07,0.6,,,,,,
0.001038,0.12,0,2.595E-07,0.6,,,,,,
0.001039,0.14,0,2.5975E-07,0.7,,,,,,
0.00104,0.12,0,0.00000026,0.6,,,,,,
0.001041,0.12,0,2.6025E-07,0.6,,,,,,
0.001042,0.1,0,2.605E-07,0.5,,,,,,
0.001043,0.14,0,2.6075E-07,0.7,,,,,,
0.001044,0.14,0,0.000000261,0.7,,,,,,
0.001045,0.14,0,2.6125E-07,0.7,,,,,,
0.001046,0.14,0,2.615E-07,0.7,,,,,,
0.001047,0.16,0,2.6175E-07,0.8,,,,,,
0.001048,0.14,0,0.000000262,0.7,,,,,,
0.001049,0.14,0,2.6225E-07,0.7,,,,,,
0.00105,0.14,0,2.625E-07,0.7,,,,,,
0.001051,0.14,0,2.6275E-07,0.7,,,,,,
0.001052,0.16,0,0.000000263,0.8,,,,,,
0.001053,0.14,0,2.6325E-07,0.7,,,,,,
0.001054,0.16,0,2.635E-07,0.8,,,,,,
0.001055,0.14,0,2.6375E-07,0.7,,,,,,
0.001056,0.16,0,0.000000264,0.8,,,,,,
0.001057,0.16,0,2.6425E-07,0.8,,,,,,
0.001058,0.16,0,2.645E-07,0.8,,,,,,
0.001059,0.16,0,2.6475E-07,0.8,,,,,,
0.00106,0.16,0,0.000000265,0.8,,,,,,
0.001061,0.16,0,2.6525E-07,0.8,,,,,,
0.001062,0.18,0,2.655E-07,0.9,,,,,,
0.001063,0.16,0,2.6575E-07,0.8,,,,,,
0.001064,0.18,0,0.000000266,0.9,,,,,,
0.001065,0.18,0,2.6625E-07,0.9,,,,,,
0.001066,0.18,0,2.665E-07,0.9,,,,,,
0.001067,0.16,0,2.6675E-07,0.8,,,,,,
0.001068,0.18,0,0.000000267,0.9,,,,,,
0.001069,0.18,0,2.6725E-07,0.9,,,,,,
0.00107,0.16,0,2.675E-07,0.8,,,,,,
0.001071,0.18,0,2.6775E-07,0.9,,,,,,
0.001072,0.16,0,0.000000268,0.8,,,,,,
0.001073,0.16,0,2.6825E-07,0.8,,,,,,
0.001074,0.16,0,2.685E-07,0.8,,,,,,
0.001075,0.16,0,2.6875E-07,0.8,,,,,,
0.001076,0.16,0,0.000000269,0.8,,,,,,
0.001077,0.16,0,2.6925E-07,0.8,,,,,,
0.001078,0.16,0,2.695E-07,0.8,,,,,,
0.001079,0.16,0,2.6975E-07,0.8,,,,,,
0.00108,0.16,0,0.00000027,0.8,,,,,,
0.001081,0.16,0,2.7025E-07,0.8,,,,,,
0.001082,0.16,0,2.705E-07,0.8,,,,,,
0.001083,0.16,0,2.7075E-07,0.8,,,,,,
0.001084,0.16,0,0.000000271,0.8,,,,,,
0.001085,0.16,0,2.7125E-07,0.8,,,,,,
0.001086,0.16,0,2.715E-07,0.8,,,,,,
0.001087,0.14,0,2.7175E-07,0.7,,,,,,
0.001088,0.14,0,0.000000272,0.7,,,,,,
0.001089,0.14,0,2.7225E-07,0.7,,,,,,
0.00109,0.14,0,2.725E-07,0.7,,,,,,
0.001091,0.14,0,2.7275E-07,0.7,,,,,,
0.001092,0.1,0,0.000000273,0.5,,,,,,
0.001093,0.14,0,2.7325E-07,0.7,,,,,,
0.001094,0.12,0,2.735E-07,0.6,,,,,,
0.001095,0.12,0,2.7375E-07,0.6,,,,,,
0.001096,0.1,0,0.000000274,0.5,,,,,,
0.001097,0.1,0,2.7425E-07,0.5,,,,,,
0.001098,0.14,0,2.745E-07,0.7,,,,,,
0.001099,0.12,0,2.7475E-07,0.6,,,,,,
0.0011,0.12,0,0.000000275,0.6,,,,,,
0.001101,0.1,0,2.7525E-07,0.5,,,,,,
0.001102,0.1,0,2.755E-07,0.5,,,,,,
0.001103,0.1,0,2.7575E-07,0.5,,,,,,
0.001104,0.06,0,0.000000276,0.3,,,,,,
0.001105,0.1,0,2.7625E-07,0.5,,,,,,
0.001106,0.08,0,2.765E-07,0.4,,,,,,
0.001107,0.08,0,2.7675E-07,0.4,,,,,,
0.001108,0.08,0,0.000000277,0.4,,,,,,
0.001109,0.06,0,2.7725E-07,0.3,,,,,,
0.00111,0.08,0,2.775E-07,0.4,,,,,,
0.001111,0.06,0,2.7775E-07,0.3,,,,,,
0.001112,0.06,0,0.000000278,0.3,,,,,,
0.001113,0.06,0,2.7825E-07,0.3,,,,,,
0.001114,0.06,0,2.785E-07,0.3,,,,,,
0.001115,0.06,0,2.7875E-07,0.3,,,,,,
0.001116,0.04,0,0.000000279,0.2,,,,,,
0.001117,0.02,0,2.7925E-07,0.1,,,,,,
0.001118,0.04,0,2.795E-07,0.2,,,,,,
0.001119,0.02,0,2.7975E-07,0.1,,,,,,
0.00112,0.02,0,0.00000028,0.1,,,,,,
0.001121,0,0,2.8025E-07,0,,,,,,
0.001122,0,0,2.805E-07,0,,,,,,
0.001123,0.04,0,2.8075E-07,0.2,,,,,,
0.001124,0,0,0.000000281,0,,,,,,
0.001125,0,0,2.8125E-07,0,,,,,,
0.001126,-0.02,0,2.815E-07,-0.1,,,,,,
0.001127,0,0,2.8175E-07,0,,,,,,
0.001128,0,0,0.000000282,0,,,,,,
0.001129,-0.04,0,2.8225E-07,-0.2,,,,,,
0.00113,-0.02,0,2.825E-07,-0.1,,,,,,
0.001131,-0.02,0,2.8275E-07,-0.1,,,,,,
0.001132,-0.04,0,0.000000283,-0.2,,,,,,
0.001133,-0.02,0,2.8325E-07,-0.1,,,,,,
0.001134,-0.04,0,2.835E-07,-0.2,,,,,,
0.001135,-0.04,0,2.8375E-07,-0.2,,,,,,
0.001136,-0.06,0,0.000000284,-0.3,,,,,,
0.001137,-0.04,0,2.8425E-07,-0.2,,,,,,
0.001138,-0.04,0,2.845E-07,-0.2,,,,,,
0.001139,-0.08,0,2.8475E-07,-0.4,,,,,,
0.00114,-0.04,0,0.000000285,-0.2,,,,,,
0.001141,-0.08,0,2.8525E-07,-0.4,,,,,,
0.001142,-0.04,0,2.855E-07,-0.2,,,,,,
0.001143,-0.06,0,2.8575E-07,-0.3,,,,,,
0.001144,-0.08,0,0.000000286,-0.4,,,,,,
0.001145,-0.06,0,2.8625E-07,-0.3,,,,,,
0.001146,-0.06,0,2.865E-07,-0.3,,,,,,
0.001147,-0.04,0,2.8675E-07,-0.2,,,,,,
0.001148,-0.08,0,0.000000287,-0.4,,,,,,
0.001149,-0.06,0,2.8725E-07,-0.3,,,,,,
0.00115,-0.08,0,2.875E-07,-0.4,,,,,,
0.001151,-0.1,0,2.8775E-07,-0.5,,,,,,
0.001152,-0.06,0,0.000000288,-0.3,,,,,,
0.001153,-0.1,0,2.8825E-07,-0.5,,,,,,
0.001154,-0.08,0,2.885E-07,-0.4,,,,,,
0.001155,-0.08,0,2.8875E-07,-0.4,,,,,,
0.001156,-0.1,0,0.000000289,-0.5,,,,,,
0.001157,-0.1,0,2.8925E-07,-0.5,,,,,,
0.001158,-0.1,0,2.895E-07,-0.5,,,,,,
0.001159,-0.1,0,2.8975E-07,-0.5,,,,,,
0.00116,-0.1,0,0.00000029,-0.5,,,,,,
0.001161,-0.08,0,2.9025E-07,-0.4,,,,,,
0.001162,-0.08,0,2.905E-07,-0.4,,,,,,
0.001163,-0.12,0,2.9075E-07,-0.6,,,,,,
0.001164,-0.1,0,0.000000291,-0.5,,,,,,
0.001165,-0.1,0,2.9125E-07,-0.5,,,,,,
0.001166,-0.1,0,2.915E-07,-0.5,,,,,,
0.001167,-0.1,0,2.9175E-07,-0.5,,,,,,
0.001168,-0.12,0,0.000000292,-0.6,,,,,,
0.001169,-0.08,0,2.9225E-07,-0.4,,,,,,
0.00117,-0.08,0,2.925E-07,-0.4,,,,,,
0.001171,-0.1,0,2.9275E-07,-0.5,,,,,,
0.001172,-0.08,0,0.000000293,-0.4,,,,,,
0.001173,-0.12,0,2.9325E-07,-0.6,,,,,,
0.001174,-0.1,0,2.935E-07,-0.5,,,,,,
0.001175,-0.1,0,2.9375E-07,-0.5,,,,,,
0.001176,-0.1,0,0.000000294,-0.5,,,,,,
0.001177,-0.1,0,2.9425E-07,-0.5,,,,,,
0.001178,-0.12,0,2.945E-07,-0.6,,,,,,
0.001179,-0.06,0,2.9475E-07,-0.3,,,,,,
0.00118,-0.1,0,0.000000295,-0.5,,,,,,
0.001181,-0.08,0,2.9525E-07,-0.4,,,,,,
0.001182,-0.08,0,2.955E-07,-0.4,,,,,,
0.001183,-0.1,0,2.9575E-07,-0.5,,,,,,
0.001184,-0.1,0,0.000000296,-0.5,,,,,,
0.001185,-0.08,0,2.9625E-07,-0.4,,,,,,
0.001186,-0.06,0,2.965E-07,-0.3,,,,,,
0.001187,-0.1,0,2.9675E-07,-0.5,,,,,,
0.001188,-0.08,0,0.000000297,-0.4,,,,,,
0.001189,-0.06,0,2.9725E-07,-0.3,,,,,,
0.00119,-0.08,0,2.975E-07,-0.4,,,,,,
0.001191,-0.06,0,2.9775E-07,-0.3,,,,,,
0.001192,-0.06,0,0.000000298,-0.3,,,,,,
0.001193,-0.06,0,2.9825E-07,-0.3,,,,,,
0.001194,-0.06,0,2.985E-07,-0.3,,,,,,
0.001195,-0.06,0,2.9875E-07,-0.3,,,,,,
0.001196,-0.06,0,0.000000299,-0.3,,,,,,
0.001197,-0.04,0,2.9925E-07,-0.2,,,,,,
0.001198,-0.06,0,2.995E-07,-0.3,,,,,,
0.001199,-0.04,0,2.9975E-07,-0.2,,,,,,
0.0012,-0.06,0,0.0000003,-0.3,,,,,,
0.001201,-0.04,0,3.0025E-07,-0.2,,,,,,
0.001202,-0.04,0,3.005E-07,-0.2,,,,,,
0.001203,-0.06,0,3.0075E-07,-0.3,,,,,,
0.001204,-0.02,0,0.000000301,-0.1,,,,,,
0.001205,-0.06,0,3.0125E-07,-0.3,,,,,,
0.001206,0,0,3.015E-07,0,,,,,,
0.001207,-0.04,0,3.0175E-07,-0.2,,,,,,
0.001208,-0.02,0,0.000000302,-0.1,,,,,,
0.001209,-0.02,0,3.0225E-07,-0.1,,,,,,
0.00121,0,0,3.025E-07,0,,,,,,
0.001211,0,0,3.0275E-07,0,,,,,,
0.001212,-0.02,0,0.000000303,-0.1,,,,,,
0.001213,-0.02,0,3.0325E-07,-0.1,,,,,,
0.001214,0,0,3.035E-07,0,,,,,,
0.001215,0.02,0,3.0375E-07,0.1,,,,,,
0.001216,0.02,0,0.000000304,0.1,,,,,,
0.001217,0,0,3.0425E-07,0,,,,,,
0.001218,0.02,0,3.045E-07,0.1,,,,,,
0.001219,0.02,0,3.0475E-07,0.1,,,,,,
0.00122,0.02,0,0.000000305,0.1,,,,,,
0.001221,0.02,0,3.0525E-07,0.1,,,,,,
0.001222,0.04,0,3.055E-07,0.2,,,,,,
0.001223,0.04,0,3.0575E-07,0.2,,,,,,
0.001224,0.02,0,0.000000306,0.1,,,,,,
0.001225,0.04,0,3.0625E-07,0.2,,,,,,
0.001226,0.04,0,3.065E-07,0.2,,,,,,
0.001227,0.04,0,3.0675E-07,0.2,,,,,,
0.001228,0.02,0,0.000000307,0.1,,,,,,
0.001229,0.04,0,3.0725E-07,0.2,,,,,,
0.00123,0.04,0,3.075E-07,0.2,,,,,,
0.001231,0.06,0,3.0775E-07,0.3,,,,,,
0.001232,0.04,0,0.000000308,0.2,,,,,,
0.001233,0.06,0,3.0825E-07,0.3,,,,,,
0.001234,0.06,0,3.085E-07,0.3,,,,,,
0.001235,0.06,0,3.0875E-07,0.3,,,,,,
0.001236,0.1,0,0.000000309,0.5,,,,,,
0.001237,0.06,0,3.0925E-07,0.3,,,,,,
0.001238,0.08,0,3.095E-07,0.4,,,,,,
0.001239,0.1,0,3.0975E-07,0.5,,,,,,
0.00124,0.08,0,0.00000031,0.4,,,,,,
0.001241,0.08,0,3.1025E-07,0.4,,,,,,
0.001242,0.08,0,3.105E-07,0.4,,,,,,
0.001243,0.08,0,3.1075E-07,0.4,,,,,,
0.001244,0.08,0,0.000000311,0.4,,,,,,
0.001245,0.1,0,3.1125E-07,0.5,,,,,,
0.001246,0.12,0,3.115E-07,0.6,,,,,,
0.001247,0.08,0,3.1175E-07,0.4,,,,,,
0.001248,0.12,0,0.000000312,0.6,,,,,,
0.001249,0.1,0,3.1225E-07,0.5,,,,,,
0.00125,0.1,0,3.125E-07,0.5,,,,,,
0.001251,0.12,0,3.1275E-07,0.6,,,,,,
0.001252,0.1,0,0.000000313,0.5,,,,,,
0.001253,0.14,0,3.1325E-07,0.7,,,,,,
0.001254,0.1,0,3.135E-07,0.5,,,,,,
0.001255,0.1,0,3.1375E-07,0.5,,,,,,
0.001256,0.1,0,0.000000314,0.5,,,,,,
0.001257,0.1,0,3.1425E-07,0.5,,,,,,
0.001258,0.12,0,3.145E-07,0.6,,,,,,
0.001259,0.12,0,3.1475E-07,0.6,,,,,,
0.00126,0.12,0,0.000000315,0.6,,,,,,
0.001261,0.12,0,3.1525E-07,0.6,,,,,,
0.001262,0.12,0,3.155E-07,0.6,,,,,,
0.001263,0.14,0,3.1575E-07,0.7,,,,,,
0.001264,0.12,0,0.000000316,0.6,,,,,,
0.001265,0.14,0,3.1625E-07,0.7,,,,,,
0.001266,0.12,0,3.165E-07,0.6,,,,,,
0.001267,0.12,0,3.1675E-07,0.6,,,,,,
0.001268,0.14,0,0.000000317,0.7,,,,,,
0.001269,0.12,0,3.1725E-07,0.6,,,,,,
0.00127,0.14,0,3.175E-07,0.7,,,,,,
0.001271,0.14,0,3.1775E-07,0.7,,,,,,
0.001272,0.12,0,0.000000318,0.6,,,,,,
0.001273,0.14,0,3.1825E-07,0.7,,,,,,
0.001274,0.1,0,3.185E-07,0.5,,,,,,
0.001275,0.12,0,3.1875E-07,0.6,,,,,,
0.001276,0.12,0,0.000000319,0.6,,,,,,
0.001277,0.12,0,3.1925E-07,0.6,,,,,,
0.001278,0.14,0,3.195E-07,0.7,,,,,,
0.001279,0.1,0,3.1975E-07,0.5,,,,,,
0.00128,0.14,0,0.00000032,0.7,,,,,,
0.001281,0.12,0,3.2025E-07,0.6,,,,,,
0.001282,0.1,0,3.205E-07,0.5,,,,,,
0.001283,0.12,0,3.2075E-07,0.6,,,,,,
0.001284,0.12,0,0.000000321,0.6,,,,,,
0.001285,0.12,0,3.2125E-07,0.6,,,,,,
0.001286,0.1,0,3.215E-07,0.5,,,,,,
0.001287,0.12,0,3.2175E-07,0.6,,,,,,
0.001288,0.12,0,0.000000322,0.6,,,,,,
0.001289,0.1,0,3.2225E-07,0.5,,,,,,
0.00129,0.12,0,3.225E-07,0.6,,,,,,
0.001291,0.08,0,3.2275E-07,0.4,,,,,,
0.001292,0.08,0,0.000000323,0.4,,,,,,
0.001293,0.1,0,3.2325E-07,0.5,,,,,,
0.001294,0.08,0,3.235E-07,0.4,,,,,,
0.001295,0.1,0,3.2375E-07,0.5,,,,,,
0.001296,0.1,0,0.000000324,0.5,,,,,,
0.001297,0.08,0,3.2425E-07,0.4,,,,,,
0.001298,0.1,0,3.245E-07,0.5,,,,,,
0.001299,0.08,0,3.2475E-07,0.4,,,,,,
0.0013,0.1,0,0.000000325,0.5,,,,,,
0.001301,0.06,0,3.2525E-07,0.3,,,,,,
0.001302,0.08,0,3.255E-07,0.4,,,,,,
0.001303,0.06,0,3.2575E-07,0.3,,,,,,
0.001304,0.06,0,0.000000326,0.3,,,,,,
0.001305,0.08,0,3.2625E-07,0.4,,,,,,
0.001306,0.08,0,3.265E-07,0.4,,,,,,
0.001307,0.08,0,3.2675E-07,0.4,,,,,,
0.001308,0.06,0,0.000000327,0.3,,,,,,
0.001309,0.06,0,3.2725E-07,0.3,,,,,,
0.00131,0.08,0,3.275E-07,0.4,,,,,,
0.001311,0.04,0,3.2775E-07,0.2,,,,,,
0.001312,0.08,0,0.000000328,0.4,,,,,,
0.001313,0.04,0,3.2825E-07,0.2,,,,,,
0.001314,0.06,0,3.285E-07,0.3,,,,,,
0.001315,0.06,0,3.2875E-07,0.3,,,,,,
0.001316,0.04,0,0.000000329,0.2,,,,,,
0.001317,0.04,0,3.2925E-07,0.2,,,,,,
0.001318,0.04,0,3.295E-07,0.2,,,,,,
0.001319,0.04,0,3.2975E-07,0.2,,,,,,
0.00132,0.04,0,0.00000033,0.2,,,,,,
0.001321,0.02,0,3.3025E-07,0.1,,,,,,
0.001322,0.04,0,3.305E-07,0.2,,,,,,
0.001323,0.04,0,3.3075E-07,0.2,,,,,,
0.001324,0.04,0,0.000000331,0.2,,,,,,
0.001325,0,0,3.3125E-07,0,,,,,,
0.001326,0.02,0,3.315E-07,0.1,,,,,,
0.001327,0.02,0,3.3175E-07,0.1,,,,,,
0.001328,0.02,0,0.000000332,0.1,,,,,,
0.001329,0.02,0,3.3225E-07,0.1,,,,,,
0.00133,0.02,0,3.325E-07,0.1,,,,,,
0.001331,0,0,3.3275E-07,0,,,,,,
0.001332,0,0,0.000000333,0,,,,,,
0.001333,0.02,0,3.3325E-07,0.1,,,,,,
0.001334,0,0,3.335E-07,0,,,,,,
0.001335,0,0,3.3375E-07,0,,,,,,
0.001336,-0.02,0,0.000000334,-0.1,,,,,,
0.001337,-0.02,0,3.3425E-07,-0.1,,,,,,
0.001338,-0.02,0,3.345E-07,-0.1,,,,,,
0.001339,0,0,3.3475E-07,0,,,,,,
0.00134,-0.02,0,0.000000335,-0.1,,,,,,
0.001341,-0.02,0,3.3525E-07,-0.1,,,,,,
0.001342,-0.02,0,3.355E-07,-0.1,,,,,,
0.001343,-0.02,0,3.3575E-07,-0.1,,,,,,
0.001344,-0.02,0,0.000000336,-0.1,,,,,,
0.001345,-0.04,0,3.3625E-07,-0.2,,,,,,
0.001346,-0.04,0,3.365E-07,-0.2,,,,,,
0.001347,-0.04,0,3.3675E-07,-0.2,,,,,,
0.001348,-0.06,0,0.000000337,-0.3,,,,,,
0.001349,-0.04,0,3.3725E-07,-0.2,,,,,,
0.00135,-0.04,0,3.375E-07,-0.2,,,,,,
0.001351,-0.06,0,3.3775E-07,-0.3,,,,,,
0.001352,-0.04,0,0.000000338,-0.2,,,,,,
0.001353,-0.06,0,3.3825E-07,-0.3,,,,,,
0.001354,-0.06,0,3.385E-07,-0.3,,,,,,
0.001355,-0.04,0,3.3875E-07,-0.2,,,,,,
0.001356,-0.06,0,0.000000339,-0.3,,,,,,
0.001357,-0.04,0,3.3925E-07,-0.2,,,,,,
0.001358,-0.06,0,3.395E-07,-0.3,,,,,,
0.001359,-0.04,0,3.3975E-07,-0.2,,,,,,
0.00136,-0.06,0,0.00000034,-0.3,,,,,,
0.001361,-0.08,0,3.4025E-07,-0.4,,,,,,
0.001362,-0.06,0,3.405E-07,-0.3,,,,,,
0.001363,-0.06,0,3.4075E-07,-0.3,,,,,,
0.001364,-0.06,0,0.000000341,-0.3,,,,,,
0.001365,-0.06,0,3.4125E-07,-0.3,,,,,,
0.001366,-0.08,0,3.415E-07,-0.4,,,,,,
0.001367,-0.06,0,3.4175E-07,-0.3,,,,,,
0.001368,-0.06,0,0.000000342,-0.3,,,,,,
0.001369,-0.04,0,3.4225E-07,-0.2,,,,,,
0.00137,-0.06,0,3.425E-07,-0.3,,,,,,
0.001371,-0.06,0,3.4275E-07,-0.3,,,,,,
0.001372,-0.06,0,0.000000343,-0.3,,,,,,
0.001373,-0.06,0,3.4325E-07,-0.3,,,,,,
0.001374,-0.06,0,3.435E-07,-0.3,,,,,,
0.001375,-0.06,0,3.4375E-07,-0.3,,,,,,
0.001376,-0.06,0,0.000000344,-0.3,,,,,,
0.001377,-0.06,0,3.4425E-07,-0.3,,,,,,
0.001378,-0.06,0,3.445E-07,-0.3,,,,,,
0.001379,-0.06,0,3.4475E-07,-0.3,,,,,,
0.00138,-0.1,0,0.000000345,-0.5,,,,,,
0.001381,-0.04,0,3.4525E-07,-0.2,,,,,,
0.001382,-0.04,0,3.455E-07,-0.2,,,,,,
0.001383,-0.06,0,3.4575E-07,-0.3,,,,,,
0.001384,-0.04,0,0.000000346,-0.2,,,,,,
0.001385,-0.06,0,3.4625E-07,-0.3,,,,,,
0.001386,-0.06,0,3.465E-07,-0.3,,,,,,
0.001387,-0.04,0,3.4675E-07,-0.2,,,,,,
0.001388,-0.06,0,0.000000347,-0.3,,,,,,
0.001389,-0.02,0,3.4725E-07,-0.1,,,,,,
0.00139,-0.06,0,3.475E-07,-0.3,,,,,,
0.001391,-0.06,0,3.4775E-07,-0.3,,,,,,
0.001392,-0.06,0,0.000000348,-0.3,,,,,,
0.001393,-0.04,0,3.4825E-07,-0.2,,,,,,
0.001394,-0.02,0,3.485E-07,-0.1,,,,,,
0.001395,-0.04,0,3.4875E-07,-0.2,,,,,,
0.001396,-0.06,0,0.000000349,-0.3,,,,,,
0.001397,-0.04,0,3.4925E-07,-0.2,,,,,,
0.001398,-0.04,0,3.495E-07,-0.2,,,,,,
0.001399,-0.02,0,3.4975E-07,-0.1,,,,,,
0.0014,-0.04,0,0.00000035,-0.2,,,,,,
0.001401,-0.02,0,3.5025E-07,-0.1,,,,,,
0.001402,-0.02,0,3.505E-07,-0.1,,,,,,
0.001403,-0.04,0,3.5075E-07,-0.2,,,,,,
0.001404,-0.02,0,0.000000351,-0.1,,,,,,
0.001405,-0.02,0,3.5125E-07,-0.1,,,,,,
0.001406,-0.02,0,3.515E-07,-0.1,,,,,,
0.001407,-0.04,0,3.5175E-07,-0.2,,,,,,
0.001408,-0.04,0,0.000000352,-0.2,,,,,,
0.001409,-0.02,0,3.5225E-07,-0.1,,,,,,
0.00141,-0.02,0,3.525E-07,-0.1,,,,,,
0.001411,-0.02,0,3.5275E-07,-0.1,,,,,,
0.001412,-0.02,0,0.000000353,-0.1,,,,,,
0.001413,0,0,3.5325E-07,0,,,,,,
0.001414,0.02,0,3.535E-07,0.1,,,,,,
0.001415,0.02,0,3.5375E-07,0.1,,,,,,
0.001416,0,0,0.000000354,0,,,,,,
0.001417,0,0,3.5425E-07,0,,,,,,
0.001418,0,0,3.545E-07,0,,,,,,
0.001419,0.02,0,3.5475E-07,0.1,,,,,,
0.00142,0.02,0,0.000000355,0.1,,,,,,
0.001421,0,0,3.5525E-07,0,,,,,,
0.001422,0.02,0,3.555E-07,0.1,,,,,,
0.001423,0.02,0,3.5575E-07,0.1,,,,,,
0.001424,0.02,0,0.000000356,0.1,,,,,,
0.001425,0.02,0,3.5625E-07,0.1,,,,,,
0.001426,0.04,0,3.565E-07,0.2,,,,,,
0.001427,0,0,3.5675E-07,0,,,,,,
0.001428,0.04,0,0.000000357,0.2,,,,,,
0.001429,0.06,0,3.5725E-07,0.3,,,,,,
0.00143,0.04,0,3.575E-07,0.2,,,,,,
0.001431,0.04,0,3.5775E-07,0.2,,,,,,
0.001432,0.04,0,0.000000358,0.2,,,,,,
0.001433,0.04,0,3.5825E-07,0.2,,,,,,
0.001434,0.04,0,3.585E-07,0.2,,,,,,
0.001435,0.04,0,3.5875E-07,0.2,,,,,,
0.001436,0.04,0,0.000000359,0.2,,,,,,
0.001437,0.02,0,3.5925E-07,0.1,,,,,,
0.001438,0.06,0,3.595E-07,0.3,,,,,,
0.001439,0.06,0,3.5975E-07,0.3,,,,,,
0.00144,0.06,0,0.00000036,0.3,,,,,,
0.001441,0.06,0,3.6025E-07,0.3,,,,,,
0.001442,0.04,0,3.605E-07,0.2,,,,,,
0.001443,0.08,0,3.6075E-07,0.4,,,,,,
0.001444,0.06,0,0.000000361,0.3,,,,,,
0.001445,0.06,0,3.6125E-07,0.3,,,,,,
0.001446,0.08,0,3.615E-07,0.4,,,,,,
0.001447,0.06,0,3.6175E-07,0.3,,,,,,
0.001448,0.08,0,0.000000362,0.4,,,,,,
0.001449,0.06,0,3.6225E-07,0.3,,,,,,
0.00145,0.08,0,3.625E-07,0.4,,,,,,
0.001451,0.08,0,3.6275E-07,0.4,,,,,,
0.001452,0.06,0,0.000000363,0.3,,,,,,
0.001453,0.08,0,3.6325E-07,0.4,,,,,,
0.001454,0.08,0,3.635E-07,0.4,,,,,,
0.001455,0.08,0,3.6375E-07,0.4,,,,,,
0.001456,0.08,0,0.000000364,0.4,,,,,,
0.001457,0.1,0,3.6425E-07,0.5,,,,,,
0.001458,0.1,0,3.645E-07,0.5,,,,,,
0.001459,0.08,0,3.6475E-07,0.4,,,,,,
0.00146,0.1,0,0.000000365,0.5,,,,,,
0.001461,0.08,0,3.6525E-07,0.4,,,,,,
0.001462,0.08,0,3.655E-07,0.4,,,,,,
0.001463,0.08,0,3.6575E-07,0.4,,,,,,
0.001464,0.08,0,0.000000366,0.4,,,,,,
0.001465,0.08,0,3.6625E-07,0.4,,,,,,
0.001466,0.08,0,3.665E-07,0.4,,,,,,
0.001467,0.1,0,3.6675E-07,0.5,,,,,,
0.001468,0.08,0,0.000000367,0.4,,,,,,
0.001469,0.1,0,3.6725E-07,0.5,,,,,,
0.00147,0.1,0,3.675E-07,0.5,,,,,,
0.001471,0.1,0,3.6775E-07,0.5,,,,,,
0.001472,0.08,0,0.000000368,0.4,,,,,,
0.001473,0.08,0,3.6825E-07,0.4,,,,,,
0.001474,0.1,0,3.685E-07,0.5,,,,,,
0.001475,0.1,0,3.6875E-07,0.5,,,,,,
0.001476,0.08,0,0.000000369,0.4,,,,,,
0.001477,0.08,0,3.6925E-07,0.4,,,,,,
0.001478,0.08,0,3.695E-07,0.4,,,,,,
0.001479,0.08,0,3.6975E-07,0.4,,,,,,
0.00148,0.08,0,0.00000037,0.4,,,,,,
0.001481,0.1,0,3.7025E-07,0.5,,,,,,
0.001482,0.1,0,3.705E-07,0.5,,,,,,
0.001483,0.08,0,3.7075E-07,0.4,,,,,,
0.001484,0.08,0,0.000000371,0.4,,,,,,
0.001485,0.08,0,3.7125E-07,0.4,,,,,,
0.001486,0.08,0,3.715E-07,0.4,,,,,,
0.001487,0.1,0,3.7175E-07,0.5,,,,,,
0.001488,0.08,0,0.000000372,0.4,,,,,,
0.001489,0.08,0,3.7225E-07,0.4,,,,,,
0.00149,0.08,0,3.725E-07,0.4,,,,,,
0.001491,0.08,0,3.7275E-07,0.4,,,,,,
0.001492,0.08,0,0.000000373,0.4,,,,,,
0.001493,0.08,0,3.7325E-07,0.4,,,,,,
0.001494,0.08,0,3.735E-07,0.4,,,,,,
0.001495,0.08,0,3.7375E-07,0.4,,,,,,
0.001496,0.08,0,0.000000374,0.4,,,,,,
0.001497,0.08,0,3.7425E-07,0.4,,,,,,
0.001498,0.06,0,3.745E-07,0.3,,,,,,
0.001499,0.06,0,3.7475E-07,0.3,,,,,,
0.0015,0.08,0,0.000000375,0.4,,,,,,
0.001501,0.08,0,3.7525E-07,0.4,,,,,,
0.001502,0.08,0,3.755E-07,0.4,,,,,,
0.001503,0.06,0,3.7575E-07,0.3,,,,,,
0.001504,0.1,0,0.000000376,0.5,,,,,,
0.001505,0.06,0,3.7625E-07,0.3,,,,,,
0.001506,0.08,0,3.765E-07,0.4,,,,,,
0.001507,0.08,0,3.7675E-07,0.4,,,,,,
0.001508,0.08,0,0.000000377,0.4,,,,,,
0.001509,0.08,0,3.7725E-07,0.4,,,,,,
0.00151,0.04,0,3.775E-07,0.2,,,,,,
0.001511,0.06,0,3.7775E-07,0.3,,,,,,
0.001512,0.04,0,0.000000378,0.2,,,,,,
0.001513,0.04,0,3.7825E-07,0.2,,,,,,
0.001514,0.04,0,3.785E-07,0.2,,,,,,
0.001515,0.04,0,3.7875E-07,0.2,,,,,,
0.001516,0,0,0.000000379,0,,,,,,
0.001517,0.02,0,3.7925E-07,0.1,,,,,,
0.001518,0.04,0,3.795E-07,0.2,,,,,,
0.001519,0.04,0,3.7975E-07,0.2,,,,,,
0.00152,0.04,0,0.00000038,0.2,,,,,,
0.001521,0.02,0,3.8025E-07,0.1,,,,,,
0.001522,0.04,0,3.805E-07,0.2,,,,,,
0.001523,0.04,0,3.8075E-07,0.2,,,,,,
0.001524,0.02,0,0.000000381,0.1,,,,,,
0.001525,0.06,0,3.8125E-07,0.3,,,,,,
0.001526,0,0,3.815E-07,0,,,,,,
0.001527,0.02,0,3.8175E-07,0.1,,,,,,
0.001528,0.02,0,0.000000382,0.1,,,,,,
0.001529,0.04,0,3.8225E-07,0.2,,,,,,
0.00153,0.04,0,3.825E-07,0.2,,,,,,
0.001531,0,0,3.8275E-07,0,,,,,,
0.001532,0.02,0,0.000000383,0.1,,,,,,
0.001533,0,0,3.8325E-07,0,,,,,,
0.001534,0.02,0,3.835E-07,0.1,,,,,,
0.001535,0.02,0,3.8375E-07,0.1,,,,,,
0.001536,-0.02,0,0.000000384,-0.1,,,,,,
0.001537,0.02,0,3.8425E-07,0.1,,,,,,
0.001538,0,0,3.845E-07,0,,,,,,
0.001539,0,0,3.8475E-07,0,,,,,,
0.00154,-0.02,0,0.000000385,-0.1,,,,,,
0.001541,-0.02,0,3.8525E-07,-0.1,,,,,,
0.001542,0,0,3.855E-07,0,,,,,,
0.001543,-0.02,0,3.8575E-07,-0.1,,,,,,
0.001544,-0.02,0,0.000000386,-0.1,,,,,,
0.001545,-0.02,0,3.8625E-07,-0.1,,,,,,
0.001546,0,0,3.865E-07,0,,,,,,
0.001547,-0.02,0,3.8675E-07,-0.1,,,,,,
0.001548,-0.02,0,0.000000387,-0.1,,,,,,
0.001549,0,0,3.8725E-07,0,,,,,,
0.00155,0,0,3.875E-07,0,,,,,,
0.001551,-0.04,0,3.8775E-07,-0.2,,,,,,
0.001552,-0.02,0,0.000000388,-0.1,,,,,,
0.001553,-0.02,0,3.8825E-07,-0.1,,,,,,
0.001554,-0.02,0,3.885E-07,-0.1,,,,,,
0.001555,-0.02,0,3.8875E-07,-0.1,,,,,,
0.001556,-0.02,0,0.000000389,-0.1,,,,,,
0.001557,-0.04,0,3.8925E-07,-0.2,,,,,,
0.001558,-0.02,0,3.895E-07,-0.1,,,,,,
0.001559,-0.02,0,3.8975E-07,-0.1,,,,,,
0.00156,-0.04,0,0.00000039,-0.2,,,,,,
0.001561,-0.02,0,3.9025E-07,-0.1,,,,,,
0.001562,-0.04,0,3.905E-07,-0.2,,,,,,
0.001563,-0.04,0,3.9075E-07,-0.2,,,,,,
0.001564,-0.02,0,0.000000391,-0.1,,,,,,
0.001565,-0.04,0,3.9125E-07,-0.2,,,,,,
0.001566,-0.02,0,3.915E-07,-0.1,,,,,,
0.001567,-0.02,0,3.9175E-07,-0.1,,,,,,
0.001568,-0.04,0,0.000000392,-0.2,,,,,,
0.001569,-0.02,0,3.9225E-07,-0.1,,,,,,
0.00157,0,0,3.925E-07,0,,,,,,
0.001571,-0.06,0,3.9275E-07,-0.3,,,,,,
0.001572,-0.02,0,0.000000393,-0.1,,,,,,
0.001573,-0.02,0,3.9325E-07,-0.1,,,,,,
0.001574,-0.04,0,3.935E-07,-0.2,,,,,,
0.001575,-0.04,0,3.9375E-07,-0.2,,,,,,
0.001576,-0.04,0,0.000000394,-0.2,,,,,,
0.001577,-0.04,0,3.9425E-07,-0.2,,,,,,
0.001578,-0.04,0,3.945E-07,-0.2,,,,,,
0.001579,-0.04,0,3.9475E-07,-0.2,,,,,,
0.00158,-0.02,0,0.000000395,-0.1,,,,,,
0.001581,-0.04,0,3.9525E-07,-0.2,,,,,,
0.001582,-0.02,0,3.955E-07,-0.1,,,,,,
0.001583,-0.06,0,3.9575E-07,-0.3,,,,,,
0.001584,0,0,0.000000396,0,,,,,,
0.001585,-0.04,0,3.9625E-07,-0.2,,,,,,
0.001586,-0.04,0,3.965E-07,-0.2,,,,,,
0.001587,-0.02,0,3.9675E-07,-0.1,,,,,,
0.001588,-0.06,0,0.000000397,-0.3,,,,,,
0.001589,-0.04,0,3.9725E-07,-0.2,,,,,,
0.00159,-0.02,0,3.975E-07,-0.1,,,,,,
0.001591,-0.02,0,3.9775E-07,-0.1,,,,,,
0.001592,-0.02,0,0.000000398,-0.1,,,,,,
0.001593,-0.04,0,3.9825E-07,-0.2,,,,,,
0.001594,0,0,3.985E-07,0,,,,,,
0.001595,-0.02,0,3.9875E-07,-0.1,,,,,,
0.001596,-0.02,0,0.000000399,-0.1,,,,,,
0.001597,-0.02,0,3.9925E-07,-0.1,,,,,,
0.001598,-0.04,0,3.995E-07,-0.2,,,,,,
0.001599,-0.02,0,3.9975E-07,-0.1,,,,,,
0.0016,-0.02,0,0.0000004,-0.1,,,,,,
0.001601,0.02,0,4.0025E-07,0.1,,,,,,
0.001602,-0.02,0,4.005E-07,-0.1,,,,,,
0.001603,0,0,4.0075E-07,0,,,,,,
0.001604,-0.02,0,0.000000401,-0.1,,,,,,
0.001605,-0.02,0,4.0125E-07,-0.1,,,,,,
0.001606,0,0,4.015E-07,0,,,,,,
0.001607,0,0,4.0175E-07,0,,,,,,
0.001608,0.02,0,0.000000402,0.1,,,,,,
0.001609,-0.02,0,4.0225E-07,-0.1,,,,,,
0.00161,-0.02,0,4.025E-07,-0.1,,,,,,
0.001611,0,0,4.0275E-07,0,,,,,,
0.001612,0,0,0.000000403,0,,,,,,
0.001613,0,0,4.0325E-07,0,,,,,,
0.001614,0,0,4.035E-07,0,,,,,,
0.001615,0,0,4.0375E-07,0,,,,,,
0.001616,-0.02,0,0.000000404,-0.1,,,,,,
0.001617,0,0,4.0425E-07,0,,,,,,
0.001618,-0.02,0,4.045E-07,-0.1,,,,,,
0.001619,0,0,4.0475E-07,0,,,,,,
0.00162,0.02,0,0.000000405,0.1,,,,,,
0.001621,0,0,4.0525E-07,0,,,,,,
0.001622,0,0,4.055E-07,0,,,,,,
0.001623,0.02,0,4.0575E-07,0.1,,,,,,
0.001624,0,0,0.000000406,0,,,,,,
0.001625,0.02,0,4.0625E-07,0.1,,,,,,
0.001626,0.02,0,4.065E-07,0.1,,,,,,
0.001627,0.02,0,4.0675E-07,0.1,,,,,,
0.001628,0.02,0,0.000000407,0.1,,,,,,
0.001629,0.04,0,4.0725E-07,0.2,,,,,,
0.00163,0.02,0,4.075E-07,0.1,,,,,,
0.001631,0,0,4.0775E-07,0,,,,,,
0.001632,0.02,0,0.000000408,0.1,,,,,,
0.001633,0.02,0,4.0825E-07,0.1,,,,,,
0.001634,0.04,0,4.085E-07,0.2,,,,,,
0.001635,0.02,0,4.0875E-07,0.1,,,,,,
0.001636,0.04,0,0.000000409,0.2,,,,,,
0.001637,0.02,0,4.0925E-07,0.1,,,,,,
0.001638,0.06,0,4.095E-07,0.3,,,,,,
0.001639,0.04,0,4.0975E-07,0.2,,,,,,
0.00164,0.04,0,0.00000041,0.2,,,,,,
0.001641,0.06,0,4.1025E-07,0.3,,,,,,
0.001642,0.04,0,4.105E-07,0.2,,,,,,
0.001643,0.04,0,4.1075E-07,0.2,,,,,,
0.001644,0.06,0,0.000000411,0.3,,,,,,
0.001645,0.04,0,4.1125E-07,0.2,,,,,,
0.001646,0.06,0,4.115E-07,0.3,,,,,,
0.001647,0.02,0,4.1175E-07,0.1,,,,,,
0.001648,0.06,0,0.000000412,0.3,,,,,,
0.001649,0.06,0,4.1225E-07,0.3,,,,,,
0.00165,0.06,0,4.125E-07,0.3,,,,,,
0.001651,0.06,0,4.1275E-07,0.3,,,,,,
0.001652,0.06,0,0.000000413,0.3,,,,,,
0.001653,0.06,0,4.1325E-07,0.3,,,,,,
0.001654,0.06,0,4.135E-07,0.3,,,,,,
0.001655,0.08,0,4.1375E-07,0.4,,,,,,
0.001656,0.06,0,0.000000414,0.3,,,,,,
0.001657,0.04,0,4.1425E-07,0.2,,,,,,
0.001658,0.06,0,4.145E-07,0.3,,,,,,
0.001659,0.06,0,4.1475E-07,0.3,,,,,,
0.00166,0.06,0,0.000000415,0.3,,,,,,
0.001661,0.06,0,4.1525E-07,0.3,,,,,,
0.001662,0.08,0,4.155E-07,0.4,,,,,,
0.001663,0.06,0,4.1575E-07,0.3,,,,,,
0.001664,0.06,0,0.000000416,0.3,,,,,,
0.001665,0.06,0,4.1625E-07,0.3,,,,,,
0.001666,0.08,0,4.165E-07,0.4,,,,,,
0.001667,0.08,0,4.1675E-07,0.4,,,,,,
0.001668,0.04,0,0.000000417,0.2,,,,,,
0.001669,0.08,0,4.1725E-07,0.4,,,,,,
0.00167,0.06,0,4.175E-07,0.3,,,,,,
0.001671,0.08,0,4.1775E-07,0.4,,,,,,
0.001672,0.06,0,0.000000418,0.3,,,,,,
0.001673,0.06,0,4.1825E-07,0.3,,,,,,
0.001674,0.08,0,4.185E-07,0.4,,,,,,
0.001675,0.04,0,4.1875E-07,0.2,,,,,,
0.001676,0.08,0,0.000000419,0.4,,,,,,
0.001677,0.08,0,4.1925E-07,0.4,,,,,,
0.001678,0.06,0,4.195E-07,0.3,,,,,,
0.001679,0.06,0,4.1975E-07,0.3,,,,,,
0.00168,0.06,0,0.00000042,0.3,,,,,,
0.001681,0.06,0,4.2025E-07,0.3,,,,,,
0.001682,0.08,0,4.205E-07,0.4,,,,,,
0.001683,0.08,0,4.2075E-07,0.4,,,,,,
0.001684,0.06,0,0.000000421,0.3,,,,,,
0.001685,0.08,0,4.2125E-07,0.4,,,,,,
0.001686,0.06,0,4.215E-07,0.3,,,,,,
0.001687,0.06,0,4.2175E-07,0.3,,,,,,
0.001688,0.08,0,0.000000422,0.4,,,,,,
0.001689,0.06,0,4.2225E-07,0.3,,,,,,
0.00169,0.06,0,4.225E-07,0.3,,,,,,
0.001691,0.06,0,4.2275E-07,0.3,,,,,,
0.001692,0.08,0,0.000000423,0.4,,,,,,
0.001693,0.08,0,4.2325E-07,0.4,,,,,,
0.001694,0.06,0,4.235E-07,0.3,,,,,,
0.001695,0.08,0,4.2375E-07,0.4,,,,,,
0.001696,0.06,0,0.000000424,0.3,,,,,,
0.001697,0.06,0,4.2425E-07,0.3,,,,,,
0.001698,0.06,0,4.245E-07,0.3,,,,,,
0.001699,0.08,0,4.2475E-07,0.4,,,,,,
0.0017,0.06,0,0.000000425,0.3,,,,,,
0.001701,0.04,0,4.2525E-07,0.2,,,,,,
0.001702,0.06,0,4.255E-07,0.3,,,,,,
0.001703,0.06,0,4.2575E-07,0.3,,,,,,
0.001704,0.06,0,0.000000426,0.3,,,,,,
0.001705,0.06,0,4.2625E-07,0.3,,,,,,
0.001706,0.04,0,4.265E-07,0.2,,,,,,
0.001707,0.06,0,4.2675E-07,0.3,,,,,,
0.001708,0.06,0,0.000000427,0.3,,,,,,
0.001709,0.08,0,4.2725E-07,0.4,,,,,,
0.00171,0.06,0,4.275E-07,0.3,,,,,,
0.001711,0.06,0,4.2775E-07,0.3,,,,,,
0.001712,0.06,0,0.000000428,0.3,,,,,,
0.001713,0.04,0,4.2825E-07,0.2,,,,,,
0.001714,0.08,0,4.285E-07,0.4,,,,,,
0.001715,0.06,0,4.2875E-07,0.3,,,,,,
0.001716,0.06,0,0.000000429,0.3,,,,,,
0.001717,0.04,0,4.2925E-07,0.2,,,,,,
0.001718,0.04,0,4.295E-07,0.2,,,,,,
0.001719,0.04,0,4.2975E-07,0.2,,,,,,
0.00172,0.02,0,0.00000043,0.1,,,,,,
0.001721,0.04,0,4.3025E-07,0.2,,,,,,
0.001722,0.02,0,4.305E-07,0.1,,,,,,
0.001723,0,0,4.3075E-07,0,,,,,,
0.001724,0.04,0,0.000000431,0.2,,,,,,
0.001725,0.04,0,4.3125E-07,0.2,,,,,,
0.001726,0.04,0,4.315E-07,0.2,,,,,,
0.001727,0.02,0,4.3175E-07,0.1,,,,,,
0.001728,0.04,0,0.000000432,0.2,,,,,,
0.001729,0.02,0,4.3225E-07,0.1,,,,,,
0.00173,0.02,0,4.325E-07,0.1,,,,,,
0.001731,0.02,0,4.3275E-07,0.1,,,,,,
0.001732,0.02,0,0.000000433,0.1,,,,,,
0.001733,0.02,0,4.3325E-07,0.1,,,,,,
0.001734,0,0,4.335E-07,0,,,,,,
0.001735,0.02,0,4.3375E-07,0.1,,,,,,
0.001736,0.02,0,0.000000434,0.1,,,,,,
0.001737,0.04,0,4.3425E-07,0.2,,,,,,
0.001738,0,0,4.345E-07,0,,,,,,
0.001739,0,0,4.3475E-07,0,,,,,,
0.00174,0.02,0,0.000000435,0.1,,,,,,
0.001741,0,0,4.3525E-07,0,,,,,,
0.001742,0,0,4.355E-07,0,,,,,,
0.001743,0.02,0,4.3575E-07,0.1,,,,,,
0.001744,0,0,0.000000436,0,,,,,,
0.001745,0,0,4.3625E-07,0,,,,,,
0.001746,0,0,4.365E-07,0,,,,,,
0.001747,0.02,0,4.3675E-07,0.1,,,,,,
0.001748,0,0,0.000000437,0,,,,,,
0.001749,0,0,4.3725E-07,0,,,,,,
0.00175,0,0,4.375E-07,0,,,,,,
0.001751,0,0,4.3775E-07,0,,,,,,
0.001752,0,0,0.000000438,0,,,,,,
0.001753,-0.02,0,4.3825E-07,-0.1,,,,,,
0.001754,-0.02,0,4.385E-07,-0.1,,,,,,
0.001755,0,0,4.3875E-07,0,,,,,,
0.001756,-0.02,0,0.000000439,-0.1,,,,,,
0.001757,0,0,4.3925E-07,0,,,,,,
0.001758,0,0,4.395E-07,0,,,,,,
0.001759,-0.02,0,4.3975E-07,-0.1,,,,,,
0.00176,-0.02,0,0.00000044,-0.1,,,,,,
0.001761,-0.02,0,4.4025E-07,-0.1,,,,,,
0.001762,0,0,4.405E-07,0,,,,,,
0.001763,0,0,4.4075E-07,0,,,,,,
0.001764,0,0,0.000000441,0,,,,,,
0.001765,-0.02,0,4.4125E-07,-0.1,,,,,,
0.001766,-0.02,0,4.415E-07,-0.1,,,,,,
0.001767,-0.02,0,4.4175E-07,-0.1,,,,,,
0.001768,-0.02,0,0.000000442,-0.1,,,,,,
0.001769,0,0,4.4225E-07,0,,,,,,
0.00177,-0.02,0,4.425E-07,-0.1,,,,,,
0.001771,-0.02,0,4.4275E-07,-0.1,,,,,,
0.001772,-0.02,0,0.000000443,-0.1,,,,,,
0.001773,-0.02,0,4.4325E-07,-0.1,,,,,,
0.001774,-0.02,0,4.435E-07,-0.1,,,,,,
0.001775,-0.02,0,4.4375E-07,-0.1,,,,,,
0.001776,-0.02,0,0.000000444,-0.1,,,,,,
0.001777,-0.02,0,4.4425E-07,-0.1,,,,,,
0.001778,-0.02,0,4.445E-07,-0.1,,,,,,
0.001779,-0.02,0,4.4475E-07,-0.1,,,,,,
0.00178,-0.02,0,0.000000445,-0.1,,,,,,
0.001781,0,0,4.4525E-07,0,,,,,,
0.001782,0,0,4.455E-07,0,,,,,,
0.001783,-0.02,0,4.4575E-07,-0.1,,,,,,
0.001784,-0.02,0,0.000000446,-0.1,,,,,,
0.001785,-0.02,0,4.4625E-07,-0.1,,,,,,
0.001786,0,0,4.465E-07,0,,,,,,
0.001787,-0.02,0,4.4675E-07,-0.1,,,,,,
0.001788,-0.02,0,0.000000447,-0.1,,,,,,
0.001789,-0.02,0,4.4725E-07,-0.1,,,,,,
0.00179,0,0,4.475E-07,0,,,,,,
0.001791,0,0,4.4775E-07,0,,,,,,
0.001792,-0.02,0,0.000000448,-0.1,,,,,,
0.001793,-0.02,0,4.4825E-07,-0.1,,,,,,
0.001794,-0.02,0,4.485E-07,-0.1,,,,,,
0.001795,0,0,4.4875E-07,0,,,,,,
0.001796,0,0,0.000000449,0,,,,,,
0.001797,0,0,4.4925E-07,0,,,,,,
0.001798,0,0,4.495E-07,0,,,,,,
0.001799,0,0,4.4975E-07,0,,,,,,
0.0018,0,0,0.00000045,0,,,,,,
0.001801,-0.02,0,4.5025E-07,-0.1,,,,,,
0.001802,0,0,4.505E-07,0,,,,,,
0.001803,0,0,4.5075E-07,0,,,,,,
0.001804,0,0,0.000000451,0,,,,,,
0.001805,0,0,4.5125E-07,0,,,,,,
0.001806,0,0,4.515E-07,0,,,,,,
0.001807,0,0,4.5175E-07,0,,,,,,
0.001808,-0.02,0,0.000000452,-0.1,,,,,,
0.001809,0,0,4.5225E-07,0,,,,,,
0.00181,0,0,4.525E-07,0,,,,,,
0.001811,0,0,4.5275E-07,0,,,,,,
0.001812,0,0,0.000000453,0,,,,,,
0.001813,0,0,4.5325E-07,0,,,,,,
0.001814,0.02,0,4.535E-07,0.1,,,,,,
0.001815,0.02,0,4.5375E-07,0.1,,,,,,
0.001816,0.02,0,0.000000454,0.1,,,,,,
0.001817,0,0,4.5425E-07,0,,,,,,
0.001818,0.02,0,4.545E-07,0.1,,,,,,
0.001819,0,0,4.5475E-07,0,,,,,,
0.00182,0.02,0,0.000000455,0.1,,,,,,
0.001821,0,0,4.5525E-07,0,,,,,,
0.001822,0,0,4.555E-07,0,,,,,,
0.001823,0.02,0,4.5575E-07,0.1,,,,,,
0.001824,0.02,0,0.000000456,0.1,,,,,,
0.001825,0,0,4.5625E-07,0,,,,,,
0.001826,0.02,0,4.565E-07,0.1,,,,,,
0.001827,0.02,0,4.5675E-07,0.1,,,,,,
0.001828,0,0,0.000000457,0,,,,,,
0.001829,0.02,0,4.5725E-07,0.1,,,,,,
0.00183,0.02,0,4.575E-07,0.1,,,,,,
0.001831,0.02,0,4.5775E-07,0.1,,,,,,
0.001832,0.04,0,0.000000458,0.2,,,,,,
0.001833,0.02,0,4.5825E-07,0.1,,,,,,
0.001834,0.02,0,4.585E-07,0.1,,,,,,
0.001835,0.02,0,4.5875E-07,0.1,,,,,,
0.001836,0.04,0,0.000000459,0.2,,,,,,
0.001837,0.04,0,4.5925E-07,0.2,,,,,,
0.001838,0.04,0,4.595E-07,0.2,,,,,,
0.001839,0.02,0,4.5975E-07,0.1,,,,,,
0.00184,0.02,0,0.00000046,0.1,,,,,,
0.001841,0.02,0,4.6025E-07,0.1,,,,,,
0.001842,0.06,0,4.605E-07,0.3,,,,,,
0.001843,0.04,0,4.6075E-07,0.2,,,,,,
0.001844,0.06,0,0.000000461,0.3,,,,,,
0.001845,0.02,0,4.6125E-07,0.1,,,,,,
0.001846,0.04,0,4.615E-07,0.2,,,,,,
0.001847,0.04,0,4.6175E-07,0.2,,,,,,
0.001848,0.02,0,0.000000462,0.1,,,,,,
0.001849,0.06,0,4.6225E-07,0.3,,,,,,
0.00185,0.04,0,4.625E-07,0.2,,,,,,
0.001851,0.04,0,4.6275E-07,0.2,,,,,,
0.001852,0.04,0,0.000000463,0.2,,,,,,
0.001853,0.04,0,4.6325E-07,0.2,,,,,,
0.001854,0.04,0,4.635E-07,0.2,,,,,,
0.001855,0.04,0,4.6375E-07,0.2,,,,,,
0.001856,0.04,0,0.000000464,0.2,,,,,,
0.001857,0.04,0,4.6425E-07,0.2,,,,,,
0.001858,0.04,0,4.645E-07,0.2,,,,,,
0.001859,0.06,0,4.6475E-07,0.3,,,,,,
0.00186,0.04,0,0.000000465,0.2,,,,,,
0.001861,0.04,0,4.6525E-07,0.2,,,,,,
0.001862,0.04,0,4.655E-07,0.2,,,,,,
0.001863,0.06,0,4.6575E-07,0.3,,,,,,
0.001864,0.06,0,0.000000466,0.3,,,,,,
0.001865,0.04,0,4.6625E-07,0.2,,,,,,
0.001866,0.06,0,4.665E-07,0.3,,,,,,
0.001867,0.06,0,4.6675E-07,0.3,,,,,,
0.001868,0.06,0,0.000000467,0.3,,,,,,
0.001869,0.04,0,4.6725E-07,0.2,,,,,,
0.00187,0.06,0,4.675E-07,0.3,,,,,,
0.001871,0.06,0,4.6775E-07,0.3,,,,,,
0.001872,0.06,0,0.000000468,0.3,,,,,,
0.001873,0.04,0,4.6825E-07,0.2,,,,,,
0.001874,0.04,0,4.685E-07,0.2,,,,,,
0.001875,0.06,0,4.6875E-07,0.3,,,,,,
0.001876,0.04,0,0.000000469,0.2,,,,,,
0.001877,0.06,0,4.6925E-07,0.3,,,,,,
0.001878,0.04,0,4.695E-07,0.2,,,,,,
0.001879,0.04,0,4.6975E-07,0.2,,,,,,
0.00188,0.06,0,0.00000047,0.3,,,,,,
0.001881,0.06,0,4.7025E-07,0.3,,,,,,
0.001882,0.06,0,4.705E-07,0.3,,,,,,
0.001883,0.04,0,4.7075E-07,0.2,,,,,,
0.001884,0.06,0,0.000000471,0.3,,,,,,
0.001885,0.04,0,4.7125E-07,0.2,,,,,,
0.001886,0.04,0,4.715E-07,0.2,,,,,,
0.001887,0.06,0,4.7175E-07,0.3,,,,,,
0.001888,0.04,0,0.000000472,0.2,,,,,,
0.001889,0.06,0,4.7225E-07,0.3,,,,,,
0.00189,0.06,0,4.725E-07,0.3,,,,,,
0.001891,0.06,0,4.7275E-07,0.3,,,,,,
0.001892,0.06,0,0.000000473,0.3,,,,,,
0.001893,0.06,0,4.7325E-07,0.3,,,,,,
0.001894,0.08,0,4.735E-07,0.4,,,,,,
0.001895,0.02,0,4.7375E-07,0.1,,,,,,
0.001896,0.06,0,0.000000474,0.3,,,,,,
0.001897,0.04,0,4.7425E-07,0.2,,,,,,
0.001898,0.06,0,4.745E-07,0.3,,,,,,
0.001899,0.04,0,4.7475E-07,0.2,,,,,,
0.0019,0.04,0,0.000000475,0.2,,,,,,
0.001901,0.02,0,4.7525E-07,0.1,,,,,,
0.001902,0.04,0,4.755E-07,0.2,,,,,,
0.001903,0.04,0,4.7575E-07,0.2,,,,,,
0.001904,0.02,0,0.000000476,0.1,,,,,,
0.001905,0.02,0,4.7625E-07,0.1,,,,,,
0.001906,0.04,0,4.765E-07,0.2,,,,,,
0.001907,0.06,0,4.7675E-07,0.3,,,,,,
0.001908,0.06,0,0.000000477,0.3,,,,,,
0.001909,0.06,0,4.7725E-07,0.3,,,,,,
0.00191,0.04,0,4.775E-07,0.2,,,,,,
0.001911,0.04,0,4.7775E-07,0.2,,,,,,
0.001912,0.02,0,0.000000478,0.1,,,,,,
0.001913,0.04,0,4.7825E-07,0.2,,,,,,
0.001914,0.04,0,4.785E-07,0.2,,,,,,
0.001915,0.04,0,4.7875E-07,0.2,,,,,,
0.001916,0.04,0,0.000000479,0.2,,,,,,
0.001917,0.04,0,4.7925E-07,0.2,,,,,,
0.001918,0.02,0,4.795E-07,0.1,,,,,,
0.001919,0.04,0,4.7975E-07,0.2,,,,,,
0.00192,0.06,0,0.00000048,0.3,,,,,,
0.001921,0.04,0,4.8025E-07,0.2,,,,,,
0.001922,0.04,0,4.805E-07,0.2,,,,,,
0.001923,0.02,0,4.8075E-07,0.1,,,,,,
0.001924,0.04,0,0.000000481,0.2,,,,,,
0.001925,0.04,0,4.8125E-07,0.2,,,,,,
0.001926,0.04,0,4.815E-07,0.2,,,,,,
0.001927,0.04,0,4.8175E-07,0.2,,,,,,
0.001928,0.02,0,0.000000482,0.1,,,,,,
0.001929,0.02,0,4.8225E-07,0.1,,,,,,
0.00193,0,0,4.825E-07,0,,,,,,
0.001931,0.02,0,4.8275E-07,0.1,,,,,,
0.001932,0.04,0,0.000000483,0.2,,,,,,
0.001933,0.02,0,4.8325E-07,0.1,,,,,,
0.001934,0.02,0,4.835E-07,0.1,,,,,,
0.001935,0,0,4.8375E-07,0,,,,,,
0.001936,0.04,0,0.000000484,0.2,,,,,,
0.001937,0.02,0,4.8425E-07,0.1,,,,,,
0.001938,0,0,4.845E-07,0,,,,,,
0.001939,0.02,0,4.8475E-07,0.1,,,,,,
0.00194,0.02,0,0.000000485,0.1,,,,,,
0.001941,0.02,0,4.8525E-07,0.1,,,,,,
0.001942,0,0,4.855E-07,0,,,,,,
0.001943,0.02,0,4.8575E-07,0.1,,,,,,
0.001944,0.04,0,0.000000486,0.2,,,,,,
0.001945,0,0,4.8625E-07,0,,,,,,
0.001946,0.02,0,4.865E-07,0.1,,,,,,
0.001947,-0.02,0,4.8675E-07,-0.1,,,,,,
0.001948,0.02,0,0.000000487,0.1,,,,,,
0.001949,0,0,4.8725E-07,0,,,,,,
0.00195,0.02,0,4.875E-07,0.1,,,,,,
0.001951,0.02,0,4.8775E-07,0.1,,,,,,
0.001952,0.02,0,0.000000488,0.1,,,,,,
0.001953,0,0,4.8825E-07,0,,,,,,
0.001954,0,0,4.885E-07,0,,,,,,
0.001955,0.02,0,4.8875E-07,0.1,,,,,,
0.001956,0,0,0.000000489,0,,,,,,
0.001957,0,0,4.8925E-07,0,,,,,,
0.001958,0,0,4.895E-07,0,,,,,,
0.001959,0,0,4.8975E-07,0,,,,,,
0.00196,0.02,0,0.00000049,0.1,,,,,,
0.001961,0,0,4.9025E-07,0,,,,,,
0.001962,0.02,0,4.905E-07,0.1,,,,,,
0.001963,0,0,4.9075E-07,0,,,,,,
0.001964,0,0,0.000000491,0,,,,,,
0.001965,0,0,4.9125E-07,0,,,,,,
0.001966,0,0,4.915E-07,0,,,,,,
0.001967,0,0,4.9175E-07,0,,,,,,
0.001968,-0.02,0,0.000000492,-0.1,,,,,,
0.001969,0,0,4.9225E-07,0,,,,,,
0.00197,0,0,4.925E-07,0,,,,,,
0.001971,-0.02,0,4.9275E-07,-0.1,,,,,,
0.001972,0,0,0.000000493,0,,,,,,
0.001973,0,0,4.9325E-07,0,,,,,,
0.001974,0.02,0,4.935E-07,0.1,,,,,,
0.001975,0,0,4.9375E-07,0,,,,,,
0.001976,-0.02,0,0.000000494,-0.1,,,,,,
0.001977,0,0,4.9425E-07,0,,,,,,
0.001978,-0.02,0,4.945E-07,-0.1,,,,,,
0.001979,0.02,0,4.9475E-07,0.1,,,,,,
0.00198,-0.02,0,0.000000495,-0.1,,,,,,
0.001981,0,0,4.9525E-07,0,,,,,,
0.001982,0,0,4.955E-07,0,,,,,,
0.001983,0,0,4.9575E-07,0,,,,,,
0.001984,0,0,0.000000496,0,,,,,,
0.001985,0,0,4.9625E-07,0,,,,,,
0.001986,0.02,0,4.965E-07,0.1,,,,,,
0.001987,-0.02,0,4.9675E-07,-0.1,,,,,,
0.001988,0,0,0.000000497,0,,,,,,
0.001989,0,0,4.9725E-07,0,,,,,,
0.00199,0.02,0,4.975E-07,0.1,,,,,,
0.001991,0,0,4.9775E-07,0,,,,,,
0.001992,0,0,0.000000498,0,,,,,,
0.001993,0,0,4.9825E-07,0,,,,,,
0.001994,-0.02,0,4.985E-07,-0.1,,,,,,
0.001995,0,0,4.9875E-07,0,,,,,,
0.001996,0.02,0,0.000000499,0.1,,,,,,
0.001997,0,0,4.9925E-07,0,,,,,,
0.001998,0,0,4.995E-07,0,,,,,,
0.001999,-0.02,0,4.9975E-07,-0.1,,,,,,
0.002,0.02,0,0.0000005,0.1,,,,,,
0.002001,0,0,5.0025E-07,0,,,,,,
0.002002,0,0,5.005E-07,0,,,,,,
0.002003,0.02,0,5.0075E-07,0.1,,,,,,
0.002004,0,0,0.000000501,0,,,,,,
0.002005,0,0,5.0125E-07,0,,,,,,
0.002006,-0.02,0,5.015E-07,-0.1,,,,,,
0.002007,0.02,0,5.0175E-07,0.1,,,,,,
0.002008,0,0,0.000000502,0,,,,,,
0.002009,0.02,0,5.0225E-07,0.1,,,,,,
0.00201,0,0,5.025E-07,0,,,,,,
0.002011,0,0,5.0275E-07,0,,,,,,
0.002012,0.02,0,0.000000503,0.1,,,,,,
0.002013,0,0,5.0325E-07,0,,,,,,
0.002014,0.02,0,5.035E-07,0.1,,,,,,
0.002015,0,0,5.0375E-07,0,,,,,,
0.002016,0,0,0.000000504,0,,,,,,
0.002017,0.02,0,5.0425E-07,0.1,,,,,,
0.002018,0,0,5.045E-07,0,,,,,,
0.002019,0.02,0,5.0475E-07,0.1,,,,,,
0.00202,0.02,0,0.000000505,0.1,,,,,,
0.002021,0.04,0,5.0525E-07,0.2,,,,,,
0.002022,0.04,0,5.055E-07,0.2,,,,,,
0.002023,0,0,5.0575E-07,0,,,,,,
0.002024,0,0,0.000000506,0,,,,,,
0.002025,0.02,0,5.0625E-07,0.1,,,,,,
0.002026,0.02,0,5.065E-07,0.1,,,,,,
0.002027,0.02,0,5.0675E-07,0.1,,,,,,
0.002028,0.04,0,0.000000507,0.2,,,,,,
0.002029,0.02,0,5.0725E-07,0.1,,,,,,
0.00203,0.02,0,5.075E-07,0.1,,,,,,
0.002031,0.02,0,5.0775E-07,0.1,,,,,,
0.002032,0.04,0,0.000000508,0.2,,,,,,
0.002033,0.02,0,5.0825E-07,0.1,,,,,,
0.002034,0.02,0,5.085E-07,0.1,,,,,,
0.002035,0.02,0,5.0875E-07,0.1,,,,,,
0.002036,0.02,0,0.000000509,0.1,,,,,,
0.002037,0.02,0,5.0925E-07,0.1,,,,,,
0.002038,0.04,0,5.095E-07,0.2,,,,,,
0.002039,0.04,0,5.0975E-07,0.2,,,,,,
0.00204,0.02,0,0.00000051,0.1,,,,,,
0.002041,0.02,0,5.1025E-07,0.1,,,,,,
0.002042,0.04,0,5.105E-07,0.2,,,,,,
0.002043,0.02,0,5.1075E-07,0.1,,,,,,
0.002044,0.02,0,0.000000511,0.1,,,,,,
0.002045,0.06,0,5.1125E-07,0.3,,,,,,
0.002046,0.02,0,5.115E-07,0.1,,,,,,
0.002047,0.04,0,5.1175E-07,0.2,,,,,,
0.002048,0.04,0,0.000000512,0.2,,,,,,
0.002049,0.02,0,5.1225E-07,0.1,,,,,,
0.00205,0.04,0,5.125E-07,0.2,,,,,,
0.002051,0.04,0,5.1275E-07,0.2,,,,,,
0.002052,0.04,0,0.000000513,0.2,,,,,,
0.002053,0.02,0,5.1325E-07,0.1,,,,,,
0.002054,0.04,0,5.135E-07,0.2,,,,,,
0.002055,0.04,0,5.1375E-07,0.2,,,,,,
0.002056,0.02,0,0.000000514,0.1,,,,,,
0.002057,0.04,0,5.1425E-07,0.2,,,,,,
0.002058,0.02,0,5.145E-07,0.1,,,,,,
0.002059,0.08,0,5.1475E-07,0.4,,,,,,
0.00206,0.02,0,0.000000515,0.1,,,,,,
0.002061,0.04,0,5.1525E-07,0.2,,,,,,
0.002062,0.02,0,5.155E-07,0.1,,,,,,
0.002063,0.06,0,5.1575E-07,0.3,,,,,,
0.002064,0.04,0,0.000000516,0.2,,,,,,
0.002065,0.02,0,5.1625E-07,0.1,,,,,,
0.002066,0.06,0,5.165E-07,0.3,,,,,,
0.002067,0.04,0,5.1675E-07,0.2,,,,,,
0.002068,0.06,0,0.000000517,0.3,,,,,,
0.002069,0.04,0,5.1725E-07,0.2,,,,,,
0.00207,0.04,0,5.175E-07,0.2,,,,,,
0.002071,0.06,0,5.1775E-07,0.3,,,,,,
0.002072,0.04,0,0.000000518,0.2,,,,,,
0.002073,0.04,0,5.1825E-07,0.2,,,,,,
0.002074,0.06,0,5.185E-07,0.3,,,,,,
0.002075,0.08,0,5.1875E-07,0.4,,,,,,
0.002076,0.04,0,0.000000519,0.2,,,,,,
0.002077,0.04,0,5.1925E-07,0.2,,,,,,
0.002078,0.06,0,5.195E-07,0.3,,,,,,
0.002079,0.04,0,5.1975E-07,0.2,,,,,,
0.00208,0.04,0,0.00000052,0.2,,,,,,
0.002081,0.06,0,5.2025E-07,0.3,,,,,,
0.002082,0.06,0,5.205E-07,0.3,,,,,,
0.002083,0.06,0,5.2075E-07,0.3,,,,,,
0.002084,0.04,0,0.000000521,0.2,,,,,,
0.002085,0.06,0,5.2125E-07,0.3,,,,,,
0.002086,0.04,0,5.215E-07,0.2,,,,,,
0.002087,0.04,0,5.2175E-07,0.2,,,,,,
0.002088,0.04,0,0.000000522,0.2,,,,,,
0.002089,0.04,0,5.2225E-07,0.2,,,,,,
0.00209,0.04,0,5.225E-07,0.2,,,,,,
0.002091,0.04,0,5.2275E-07,0.2,,,,,,
0.002092,0.04,0,0.000000523,0.2,,,,,,
0.002093,0.04,0,5.2325E-07,0.2,,,,,,
0.002094,0.02,0,5.235E-07,0.1,,,,,,
0.002095,0.02,0,5.2375E-07,0.1,,,,,,
0.002096,0.02,0,0.000000524,0.1,,,,,,
0.002097,0.04,0,5.2425E-07,0.2,,,,,,
0.002098,0.04,0,5.245E-07,0.2,,,,,,
0.002099,0.04,0,5.2475E-07,0.2,,,,,,
0.0021,0.04,0,0.000000525,0.2,,,,,,
0.002101,0.04,0,5.2525E-07,0.2,,,,,,
0.002102,0.04,0,5.255E-07,0.2,,,,,,
0.002103,0.04,0,5.2575E-07,0.2,,,,,,
0.002104,0.04,0,0.000000526,0.2,,,,,,
0.002105,0.04,0,5.2625E-07,0.2,,,,,,
0.002106,0.04,0,5.265E-07,0.2,,,,,,
0.002107,0.02,0,5.2675E-07,0.1,,,,,,
0.002108,0.04,0,0.000000527,0.2,,,,,,
0.002109,0.04,0,5.2725E-07,0.2,,,,,,
0.00211,0.02,0,5.275E-07,0.1,,,,,,
0.002111,0.04,0,5.2775E-07,0.2,,,,,,
0.002112,0.02,0,0.000000528,0.1,,,,,,
0.002113,0.02,0,5.2825E-07,0.1,,,,,,
0.002114,0.04,0,5.285E-07,0.2,,,,,,
0.002115,0.02,0,5.2875E-07,0.1,,,,,,
0.002116,0.04,0,0.000000529,0.2,,,,,,
0.002117,0.02,0,5.2925E-07,0.1,,,,,,
0.002118,0.06,0,5.295E-07,0.3,,,,,,
0.002119,0.02,0,5.2975E-07,0.1,,,,,,
0.00212,0.04,0,0.00000053,0.2,,,,,,
0.002121,0.02,0,5.3025E-07,0.1,,,,,,
0.002122,0.04,0,5.305E-07,0.2,,,,,,
0.002123,0.02,0,5.3075E-07,0.1,,,,,,
0.002124,0.02,0,0.000000531,0.1,,,,,,
0.002125,0.02,0,5.3125E-07,0.1,,,,,,
0.002126,0.02,0,5.315E-07,0.1,,,,,,
0.002127,0.04,0,5.3175E-07,0.2,,,,,,
0.002128,0.02,0,0.000000532,0.1,,,,,,
0.002129,0.02,0,5.3225E-07,0.1,,,,,,
0.00213,0.04,0,5.325E-07,0.2,,,,,,
0.002131,0,0,5.3275E-07,0,,,,,,
0.002132,0.02,0,0.000000533,0.1,,,,,,
0.002133,0.04,0,5.3325E-07,0.2,,,,,,
0.002134,0.02,0,5.335E-07,0.1,,,,,,
0.002135,0.06,0,5.3375E-07,0.3,,,,,,
0.002136,0.02,0,0.000000534,0.1,,,,,,
0.002137,0.04,0,5.3425E-07,0.2,,,,,,
0.002138,0.02,0,5.345E-07,0.1,,,,,,
0.002139,0.02,0,5.3475E-07,0.1,,,,,,
0.00214,0.02,0,0.000000535,0.1,,,,,,
0.002141,0.02,0,5.3525E-07,0.1,,,,,,
0.002142,0.02,0,5.355E-07,0.1,,,,,,
0.002143,0.02,0,5.3575E-07,0.1,,,,,,
0.002144,0.02,0,0.000000536,0.1,,,,,,
0.002145,0,0,5.3625E-07,0,,,,,,
0.002146,0.02,0,5.365E-07,0.1,,,,,,
0.002147,0,0,5.3675E-07,0,,,,,,
0.002148,0.02,0,0.000000537,0.1,,,,,,
0.002149,0.02,0,5.3725E-07,0.1,,,,,,
0.00215,0,0,5.375E-07,0,,,,,,
0.002151,0.02,0,5.3775E-07,0.1,,,,,,
0.002152,0.02,0,0.000000538,0.1,,,,,,
0.002153,0.02,0,5.3825E-07,0.1,,,,,,
0.002154,0.02,0,5.385E-07,0.1,,,,,,
0.002155,0,0,5.3875E-07,0,,,,,,
0.002156,0.04,0,0.000000539,0.2,,,,,,
0.002157,0,0,5.3925E-07,0,,,,,,
0.002158,0,0,5.395E-07,0,,,,,,
0.002159,0,0,5.3975E-07,0,,,,,,
0.00216,0.04,0,0.00000054,0.2,,,,,,
0.002161,0.02,0,5.4025E-07,0.1,,,,,,
0.002162,0.02,0,5.405E-07,0.1,,,,,,
0.002163,0.02,0,5.4075E-07,0.1,,,,,,
0.002164,0.02,0,0.000000541,0.1,,,,,,
0.002165,0.02,0,5.4125E-07,0.1,,,,,,
0.002166,0.02,0,5.415E-07,0.1,,,,,,
0.002167,0.02,0,5.4175E-07,0.1,,,,,,
0.002168,0,0,0.000000542,0,,,,,,
0.002169,-0.02,0,5.4225E-07,-0.1,,,,,,
0.00217,0,0,5.425E-07,0,,,,,,
0.002171,0,0,5.4275E-07,0,,,,,,
0.002172,0.02,0,0.000000543,0.1,,,,,,
0.002173,0.02,0,5.4325E-07,0.1,,,,,,
0.002174,0,0,5.435E-07,0,,,,,,
0.002175,0,0,5.4375E-07,0,,,,,,
0.002176,0,0,0.000000544,0,,,,,,
0.002177,0.02,0,5.4425E-07,0.1,,,,,,
0.002178,0.02,0,5.445E-07,0.1,,,,,,
0.002179,0,0,5.4475E-07,0,,,,,,
0.00218,0,0,0.000000545,0,,,,,,
0.002181,0,0,5.4525E-07,0,,,,,,
0.002182,0,0,5.455E-07,0,,,,,,
0.002183,0,0,5.4575E-07,0,,,,,,
0.002184,-0.02,0,0.000000546,-0.1,,,,,,
0.002185,0.02,0,5.4625E-07,0.1,,,,,,
0.002186,0,0,5.465E-07,0,,,,,,
0.002187,0.02,0,5.4675E-07,0.1,,,,,,
0.002188,0,0,0.000000547,0,,,,,,
0.002189,0,0,5.4725E-07,0,,,,,,
0.00219,0.02,0,5.475E-07,0.1,,,,,,
0.002191,0,0,5.4775E-07,0,,,,,,
0.002192,0.02,0,0.000000548,0.1,,,,,,
0.002193,0,0,5.4825E-07,0,,,,,,
0.002194,0.02,0,5.485E-07,0.1,,,,,,
0.002195,0,0,5.4875E-07,0,,,,,,
0.002196,0,0,0.000000549,0,,,,,,
0.002197,0,0,5.4925E-07,0,,,,,,
0.002198,0,0,5.495E-07,0,,,,,,
0.002199,0.02,0,5.4975E-07,0.1,,,,,,
0.0022,0.02,0,0.00000055,0.1,,,,,,
0.002201,0,0,5.5025E-07,0,,,,,,
0.002202,0,0,5.505E-07,0,,,,,,
0.002203,0,0,5.5075E-07,0,,,,,,
0.002204,0,0,0.000000551,0,,,,,,
0.002205,0.02,0,5.5125E-07,0.1,,,,,,
0.002206,0.02,0,5.515E-07,0.1,,,,,,
0.002207,0,0,5.5175E-07,0,,,,,,
0.002208,0.02,0,0.000000552,0.1,,,,,,
0.002209,0.02,0,5.5225E-07,0.1,,,,,,
0.00221,0,0,5.525E-07,0,,,,,,
0.002211,0.02,0,5.5275E-07,0.1,,,,,,
0.002212,0.02,0,0.000000553,0.1,,,,,,
0.002213,0.02,0,5.5325E-07,0.1,,,,,,
0.002214,0,0,5.535E-07,0,,,,,,
0.002215,0.02,0,5.5375E-07,0.1,,,,,,
0.002216,0,0,0.000000554,0,,,,,,
0.002217,0.02,0,5.5425E-07,0.1,,,,,,
0.002218,0.04,0,5.545E-07,0.2,,,,,,
0.002219,0,0,5.5475E-07,0,,,,,,
0.00222,0.02,0,0.000000555,0.1,,,,,,
0.002221,0.02,0,5.5525E-07,0.1,,,,,,
0.002222,0.02,0,5.555E-07,0.1,,,,,,
0.002223,0.02,0,5.5575E-07,0.1,,,,,,
0.002224,0.02,0,0.000000556,0.1,,,,,,
0.002225,0.04,0,5.5625E-07,0.2,,,,,,
0.002226,0,0,5.565E-07,0,,,,,,
0.002227,0.02,0,5.5675E-07,0.1,,,,,,
0.002228,0.04,0,0.000000557,0.2,,,,,,
0.002229,0.02,0,5.5725E-07,0.1,,,,,,
0.00223,0.02,0,5.575E-07,0.1,,,,,,
0.002231,0.02,0,5.5775E-07,0.1,,,,,,
0.002232,0.06,0,0.000000558,0.3,,,,,,
0.002233,0.02,0,5.5825E-07,0.1,,,,,,
0.002234,0.02,0,5.585E-07,0.1,,,,,,
0.002235,0.04,0,5.5875E-07,0.2,,,,,,
0.002236,0.02,0,0.000000559,0.1,,,,,,
0.002237,0.02,0,5.5925E-07,0.1,,,,,,
0.002238,0.04,0,5.595E-07,0.2,,,,,,
0.002239,0.04,0,5.5975E-07,0.2,,,,,,
0.00224,0.02,0,0.00000056,0.1,,,,,,
0.002241,0.02,0,5.6025E-07,0.1,,,,,,
0.002242,0.02,0,5.605E-07,0.1,,,,,,
0.002243,0.02,0,5.6075E-07,0.1,,,,,,
0.002244,0.04,0,0.000000561,0.2,,,,,,
0.002245,0.02,0,5.6125E-07,0.1,,,,,,
0.002246,0.04,0,5.615E-07,0.2,,,,,,
0.002247,0.02,0,5.6175E-07,0.1,,,,,,
0.002248,0.02,0,0.000000562,0.1,,,,,,
0.002249,0.04,0,5.6225E-07,0.2,,,,,,
0.00225,0,0,5.625E-07,0,,,,,,
0.002251,0.04,0,5.6275E-07,0.2,,,,,,
0.002252,0.02,0,0.000000563,0.1,,,,,,
0.002253,0.04,0,5.6325E-07,0.2,,,,,,
0.002254,0.04,0,5.635E-07,0.2,,,,,,
0.002255,0.02,0,5.6375E-07,0.1,,,,,,
0.002256,0.04,0,0.000000564,0.2,,,,,,
0.002257,0.04,0,5.6425E-07,0.2,,,,,,
0.002258,0.04,0,5.645E-07,0.2,,,,,,
0.002259,0.04,0,5.6475E-07,0.2,,,,,,
0.00226,0.04,0,0.000000565,0.2,,,,,,
0.002261,0.04,0,5.6525E-07,0.2,,,,,,
0.002262,0.04,0,5.655E-07,0.2,,,,,,
0.002263,0.04,0,5.6575E-07,0.2,,,,,,
0.002264,0.02,0,0.000000566,0.1,,,,,,
0.002265,0.04,0,5.6625E-07,0.2,,,,,,
0.002266,0.04,0,5.665E-07,0.2,,,,,,
0.002267,0.02,0,5.6675E-07,0.1,,,,,,
0.002268,0.06,0,0.000000567,0.3,,,,,,
0.002269,0.02,0,5.6725E-07,0.1,,,,,,
0.00227,0.04,0,5.675E-07,0.2,,,,,,
0.002271,0.04,0,5.6775E-07,0.2,,,,,,
0.002272,0.02,0,0.000000568,0.1,,,,,,
0.002273,0.04,0,5.6825E-07,0.2,,,,,,
0.002274,0.04,0,5.685E-07,0.2,,,,,,
0.002275,0.04,0,5.6875E-07,0.2,,,,,,
0.002276,0.04,0,0.000000569,0.2,,,,,,
0.002277,0.04,0,5.6925E-07,0.2,,,,,,
0.002278,0.04,0,5.695E-07,0.2,,,,,,
0.002279,0.04,0,5.6975E-07,0.2,,,,,,
0.00228,0.04,0,0.00000057,0.2,,,,,,
0.002281,0.04,0,5.7025E-07,0.2,,,,,,
0.002282,0.04,0,5.705E-07,0.2,,,,,,
0.002283,0.04,0,5.7075E-07,0.2,,,,,,
0.002284,0.02,0,0.000000571,0.1,,,,,,
0.002285,0.04,0,5.7125E-07,0.2,,,,,,
0.002286,0.02,0,5.715E-07,0.1,,,,,,
0.002287,0.06,0,5.7175E-07,0.3,,,,,,
0.002288,0.04,0,0.000000572,0.2,,,,,,
0.002289,0.02,0,5.7225E-07,0.1,,,,,,
0.00229,0.04,0,5.725E-07,0.2,,,,,,
0.002291,0.04,0,5.7275E-07,0.2,,,,,,
0.002292,0.04,0,0.000000573,0.2,,,,,,
0.002293,0.04,0,5.7325E-07,0.2,,,,,,
0.002294,0.02,0,5.735E-07,0.1,,,,,,
0.002295,0.06,0,5.7375E-07,0.3,,,,,,
0.002296,0,0,0.000000574,0,,,,,,
0.002297,0.06,0,5.7425E-07,0.3,,,,,,
0.002298,0.04,0,5.745E-07,0.2,,,,,,
0.002299,0.04,0,5.7475E-07,0.2,,,,,,
0.0023,0.02,0,0.000000575,0.1,,,,,,
0.002301,0.02,0,5.7525E-07,0.1,,,,,,
0.002302,0.02,0,5.755E-07,0.1,,,,,,
0.002303,0.04,0,5.7575E-07,0.2,,,,,,
0.002304,0.04,0,0.000000576,0.2,,,,,,
0.002305,0.04,0,5.7625E-07,0.2,,,,,,
0.002306,0.04,0,5.765E-07,0.2,,,,,,
0.002307,0.04,0,5.7675E-07,0.2,,,,,,
0.002308,0,0,0.000000577,0,,,,,,
0.002309,0.02,0,5.7725E-07,0.1,,,,,,
0.00231,0.02,0,5.775E-07,0.1,,,,,,
0.002311,0.02,0,5.7775E-07,0.1,,,,,,
0.002312,0.04,0,0.000000578,0.2,,,,,,
0.002313,0.06,0,5.7825E-07,0.3,,,,,,
0.002314,0.02,0,5.785E-07,0.1,,,,,,
0.002315,0.04,0,5.7875E-07,0.2,,,,,,
0.002316,0.02,0,0.000000579,0.1,,,,,,
0.002317,0.04,0,5.7925E-07,0.2,,,,,,
0.002318,0.04,0,5.795E-07,0.2,,,,,,
0.002319,0.04,0,5.7975E-07,0.2,,,,,,
